<?xml version="1.0" encoding="UTF-8"?><CodeSystem xmlns="http://hl7.org/fhir"><id value="free-cost"/><text><status value="generated"/><div xmlns="http://www.w3.org/1999/xhtml"><p class="res-header-id"><b>Generated Narrative: CodeSystem free-cost</b></p><a name="free-cost"> </a><a name="hcfree-cost"> </a><p>This case-sensitive code system <code>https://fhir.hmis.gov.np/CodeSystem/free-cost</code> defines the following codes:</p><table class="codes"><tr><td style="white-space:nowrap"><b>Code</b></td><td><b>Display</b></td><td><b>ne</b></td></tr><tr><td style="white-space:nowrap">free<a name="free-cost-free"> </a></td><td>Free</td><td>निशुल्क</td></tr><tr><td style="white-space:nowrap">cost<a name="free-cost-cost"> </a></td><td>Cost(RS)</td><td>शुलक (रू)</td></tr></table></div></text><url value="https://fhir.hmis.gov.np/CodeSystem/free-cost"/><version value="0.0.1-ballot"/><name value="FreeCostCS"/><title value="निशुल्क/शुल्क रू"/><status value="active"/><date value="2025-09-07T15:46:36+05:45"/><publisher value="Integrated Health Information Management Section"/><contact><name value="Integrated Health Information Management Section"/><telecom><system value="url"/><value value="https://hmis.gov.np"/></telecom><telecom><system value="email"/><value value="it@hmis.gov.np"/></telecom></contact><contact><name value="RC Poudel"/><telecom><system value="email"/><value value="rcpoudel@amakomaya.com"/></telecom><telecom><system value="email"/><value value="rmchndrapdl@gmail.com"/></telecom><telecom><system value="phone"/><value value="+977-9851341921"/></telecom></contact><description value="निशुल्क/शुल्क रू"/><jurisdiction><coding><system value="urn:iso:std:iso:3166"/><code value="NP"/></coding></jurisdiction><copyright value="Used by permission of HL7 International, all rights reserved Creative Commons License"/><caseSensitive value="true"/><content value="complete"/><count value="2"/><concept><code value="free"/><display value="Free"/><designation><language value="ne-NP"/><value value="निशुल्क"/></designation></concept><concept><code value="cost"/><display value="Cost(RS)"/><designation><language value="ne-NP"/><value value="शुलक (रू)"/></designation></concept></CodeSystem>