<?xml version="1.0" encoding="UTF-8"?><CodeSystem xmlns="http://hl7.org/fhir"><id value="yes-no"/><text><status value="generated"/><div xmlns="http://www.w3.org/1999/xhtml"><p class="res-header-id"><b>Generated Narrative: CodeSystem yes-no</b></p><a name="yes-no"> </a><a name="hcyes-no"> </a><p>This  code system <code>https://fhir.hmis.gov.np/CodeSystem/yes-no</code> defines the following codes:</p><table class="codes"><tr><td style="white-space:nowrap"><b>Code</b></td><td><b>Display</b></td><td><b>English (English, en)</b></td></tr><tr><td style="white-space:nowrap">yes<a name="yes-no-yes"> </a></td><td>हो</td><td>Yes</td></tr><tr><td style="white-space:nowrap">no<a name="yes-no-no"> </a></td><td>होइन</td><td>No</td></tr><tr><td style="white-space:nowrap">1<a name="yes-no-1"> </a></td><td>हो</td><td>Yes (numeric)</td></tr><tr><td style="white-space:nowrap">0<a name="yes-no-0"> </a></td><td>होइन</td><td>No (numeric)</td></tr></table></div></text><url value="https://fhir.hmis.gov.np/CodeSystem/yes-no"/><version value="0.0.1-ballot"/><name value="YesNoCS"/><title value="Yes / No CodeSystem"/><status value="active"/><date value="2025-08-29T16:43:44+05:45"/><publisher value="Integrated Health Information Management Section"/><contact><name value="Integrated Health Information Management Section"/><telecom><system value="url"/><value value="https://hmis.gov.np"/></telecom><telecom><system value="email"/><value value="it@hmis.gov.np"/></telecom></contact><contact><name value="RC Poudel"/><telecom><system value="email"/><value value="rcpoudel@amakomaya.com"/></telecom><telecom><system value="email"/><value value="rmchndrapdl@gmail.com"/></telecom><telecom><system value="phone"/><value value="+977-9851341921"/></telecom></contact><description value="For representing Yes and No values in Nepali."/><jurisdiction><coding><system value="urn:iso:std:iso:3166"/><code value="NP"/></coding></jurisdiction><copyright value="Used by permission of HL7 International, all rights reserved Creative Commons License"/><content value="complete"/><count value="4"/><concept><code value="yes"/><display value="हो"/><designation><language value="en"/><value value="Yes"/></designation></concept><concept><code value="no"/><display value="होइन"/><designation><language value="en"/><value value="No"/></designation></concept><concept><code value="1"/><display value="हो"/><designation><language value="en"/><value value="Yes (numeric)"/></designation></concept><concept><code value="0"/><display value="होइन"/><designation><language value="en"/><value value="No (numeric)"/></designation></concept></CodeSystem>