<?xml version="1.0" encoding="UTF-8"?><ConceptMap xmlns="http://hl7.org/fhir"><id value="GenderHL7ToSNOMED"/><text><status value="generated"/><div xmlns="http://www.w3.org/1999/xhtml"><p class="res-header-id"><b>Generated Narrative: ConceptMap GenderHL7ToSNOMED</b></p><a name="GenderHL7ToSNOMED"> </a><a name="hcGenderHL7ToSNOMED"> </a><p>Mapping from (not specified) to (not specified)</p><br/><p><b>Group 1 </b>Mapping from <code>http://terminology.hl7.org/CodeSystem/administrative-gender</code> to <a href="http://terminology.hl7.org/6.5.0/CodeSystem-v3-snomed-CT.html">SNOMED CT International Edition</a></p><table class="grid"><tr><td><b>Source Code</b></td><td><b>Relationship</b></td><td><b>Target Code</b></td></tr><tr><td>male</td><td><a href="http://hl7.org/fhir/R5/codesystem-concept-map-relationship.html#equivalent" title="equivalent">is equivalent to</a></td><td>248153007 (Male)</td></tr><tr><td>female</td><td><a href="http://hl7.org/fhir/R5/codesystem-concept-map-relationship.html#equivalent" title="equivalent">is equivalent to</a></td><td>248152002 (Female)</td></tr><tr><td>other</td><td><a href="http://hl7.org/fhir/R5/codesystem-concept-map-relationship.html#equivalent" title="equivalent">is equivalent to</a></td><td>446151000124106 (Other)</td></tr><tr><td>unknown</td><td><a href="http://hl7.org/fhir/R5/codesystem-concept-map-relationship.html#equivalent" title="equivalent">is equivalent to</a></td><td>261665006 (Unknown)</td></tr></table></div></text><url value="https://fhir.hmis.gov.np/ConceptMap/GenderHL7ToSNOMED"/><version value="0.0.1-ballot"/><title value="HL7 Administrative Gender to SNOMED CT"/><status value="draft"/><date value="2025-09-04T23:57:58+05:45"/><publisher value="Integrated Health Information Management Section"/><contact><name value="Integrated Health Information Management Section"/><telecom><system value="url"/><value value="https://hmis.gov.np"/></telecom><telecom><system value="email"/><value value="it@hmis.gov.np"/></telecom></contact><contact><name value="RC Poudel"/><telecom><system value="email"/><value value="rcpoudel@amakomaya.com"/></telecom><telecom><system value="email"/><value value="rmchndrapdl@gmail.com"/></telecom><telecom><system value="phone"/><value value="+977-9851341921"/></telecom></contact><description value="Maps HL7 Administrative Gender codes to SNOMED CT concepts."/><jurisdiction><coding><system value="urn:iso:std:iso:3166"/><code value="NP"/></coding></jurisdiction><copyright value="Used by permission of HL7 International, all rights reserved Creative Commons License"/><group><source value="http://terminology.hl7.org/CodeSystem/administrative-gender"/><target value="http://snomed.info/sct"/><element><code value="male"/><target><code value="248153007"/><display value="Male"/><relationship value="equivalent"/></target></element><element><code value="female"/><target><code value="248152002"/><display value="Female"/><relationship value="equivalent"/></target></element><element><code value="other"/><target><code value="446151000124106"/><display value="Other"/><relationship value="equivalent"/></target></element><element><code value="unknown"/><target><code value="261665006"/><display value="Unknown"/><relationship value="equivalent"/></target></element></group></ConceptMap>