<?xml version="1.0" encoding="UTF-8"?><ImplementationGuide xmlns="http://hl7.org/fhir"><id value="hl7.fhir.hmis"/><text><status value="generated"/><div xmlns="http://www.w3.org/1999/xhtml"><p class="res-header-id"><b>Generated Narrative: ImplementationGuide hl7.fhir.hmis</b></p><a name="hl7.fhir.hmis"> </a><a name="hchl7.fhir.hmis"> </a><h2>NPCoreImplementationGuide</h2><p>The official URL for this implementation guide is: </p><pre>https://fhir.hmis.gov.np/ImplementationGuide/hl7.fhir.hmis</pre><div><p>The Electronic Health Management Information System (E-HMIS) FHIR Implementation Guide defines the core profiles, data elements, workflows, and terminologies necessary to support interoperable, standards-based reporting and service delivery for Nepal’s routine health information systems.
This guide aligns with national data standards, WHO Digital Adaptation Kits (DAKs), and global FHIR best practices. It enables structured data exchange between digital health systems and the national DHIS2-based HMIS platform, improving the accuracy, timeliness, and use of health data for decision-making.
It is developed to support routine service delivery programs such as Maternal and Child Health, CB-IMNCI, Immunization, and Basic Health Services, and will evolve to integrate real-time analytics, feedback loops, and decentralized data entry mechanisms.</p>
</div></div></text><url value="https://fhir.hmis.gov.np/ImplementationGuide/hl7.fhir.hmis"/><version value="0.0.1-ballot"/><name value="NPCoreImplementationGuide"/><title value="Nepal HMIS FHIR Implementation Guide"/><status value="active"/><date value="2025-08-01"/><publisher value="Integrated Health Information Management Section"/><contact><name value="Integrated Health Information Management Section"/><telecom><system value="url"/><value value="https://hmis.gov.np"/></telecom><telecom><system value="email"/><value value="it@hmis.gov.np"/></telecom></contact><contact><name value="RC Poudel"/><telecom><system value="email"/><value value="rcpoudel@amakomaya.com"/></telecom><telecom><system value="email"/><value value="rmchndrapdl@gmail.com"/></telecom><telecom><system value="phone"/><value value="+977-9851341921"/></telecom></contact><description value="The Electronic Health Management Information System (E-HMIS) FHIR Implementation Guide defines the core profiles, data elements, workflows, and terminologies necessary to support interoperable, standards-based reporting and service delivery for Nepal’s routine health information systems.&#xA;This guide aligns with national data standards, WHO Digital Adaptation Kits (DAKs), and global FHIR best practices. It enables structured data exchange between digital health systems and the national DHIS2-based HMIS platform, improving the accuracy, timeliness, and use of health data for decision-making.&#xA;It is developed to support routine service delivery programs such as Maternal and Child Health, CB-IMNCI, Immunization, and Basic Health Services, and will evolve to integrate real-time analytics, feedback loops, and decentralized data entry mechanisms."/><jurisdiction><coding><system value="urn:iso:std:iso:3166"/><code value="NP"/><display value="Nepal"/></coding></jurisdiction><copyright value="Used by permission of HL7 International, all rights reserved Creative Commons License"/><packageId value="hl7.fhir.hmis"/><license value="CC-BY-SA-3.0"/><fhirVersion value="5.0.0"/><dependsOn id="hl7tx"><extension url="http://hl7.org/fhir/tools/StructureDefinition/implementationguide-dependency-comment"><valueMarkdown value="Automatically added as a dependency - all IGs depend on HL7 Terminology"/></extension><uri value="http://terminology.hl7.org/ImplementationGuide/hl7.terminology"/><packageId value="hl7.terminology.r5"/><version value="6.5.0"/></dependsOn><dependsOn id="hl7ext"><extension url="http://hl7.org/fhir/tools/StructureDefinition/implementationguide-dependency-comment"><valueMarkdown value="Automatically added as a dependency - all IGs depend on the HL7 Extension Pack"/></extension><uri value="http://hl7.org/fhir/extensions/ImplementationGuide/hl7.fhir.uv.extensions"/><packageId value="hl7.fhir.uv.extensions.r5"/><version value="5.2.0"/></dependsOn><definition><extension url="http://hl7.org/fhir/tools/StructureDefinition/ig-internal-dependency"><valueCode value="hl7.fhir.uv.tools.r5#0.7.1"/></extension><grouping id="-str-profile"><name value="Structures: Resource Profiles"/><description value="These define constraints on FHIR resources for systems conforming to this implementation guide."/></grouping><grouping id="-str-extension"><name value="Structures: Extension Definitions"/><description value="These define constraints on FHIR data types for systems conforming to this implementation guide."/></grouping><grouping id="-term-valueset"><name value="Terminology: Value Sets"/><description value="These define sets of codes used by systems conforming to this implementation guide."/></grouping><grouping id="-term-codesystem"><name value="Terminology: Code Systems"/><description value="These define new code systems used by systems conforming to this implementation guide."/></grouping><grouping id="-term-namingsystem"><name value="Terminology: Naming Systems"/><description value="These define identifier and/or code system identities used by systems conforming to this implementation guide."/></grouping><grouping id="-ex-example"><name value="Example: Example Instances"/><description value="These are example instances that show what data produced and consumed by systems conforming with this implementation guide might look like."/></grouping><resource><extension url="http://hl7.org/fhir/tools/StructureDefinition/resource-sort"><valueInteger value="999999999"/></extension><extension url="http://hl7.org/fhir/StructureDefinition/implementationguide-page"><valueUri value="StructureDefinition-NPCoreEncounter.html"/></extension><reference><reference value="StructureDefinition/NPCoreEncounter"/></reference><name value="Encounter Profile for Nepal Basic Health Services"/><description value="Profile for recording patient encounters under Basic Health Services &#xA;(including OPD visits, outreach clinics, and home visits)."/><isExample value="false"/><groupingId value="-str-profile"/></resource><resource><extension url="http://hl7.org/fhir/tools/StructureDefinition/resource-sort"><valueInteger value="999999999"/></extension><extension url="http://hl7.org/fhir/StructureDefinition/implementationguide-page"><valueUri value="StructureDefinition-NPCoreImmunization.html"/></extension><reference><reference value="StructureDefinition/NPCoreImmunization"/></reference><name value="Immunization Profile for Nepal"/><description value="Profile for recording immunizations for children and adults in Nepal, supporting all routine vaccines."/><isExample value="false"/><groupingId value="-str-profile"/></resource><resource><extension url="http://hl7.org/fhir/tools/StructureDefinition/resource-sort"><valueInteger value="999999999"/></extension><extension url="http://hl7.org/fhir/StructureDefinition/implementationguide-page"><valueUri value="StructureDefinition-NPCoreMedicationStatement.html"/></extension><reference><reference value="StructureDefinition/NPCoreMedicationStatement"/></reference><name value="Medication Statement"/><description value="Profile to record medicines, supplements, and drugs provided"/><isExample value="false"/><groupingId value="-str-profile"/></resource><resource><extension url="http://hl7.org/fhir/tools/StructureDefinition/resource-sort"><valueInteger value="999999999"/></extension><extension url="http://hl7.org/fhir/StructureDefinition/implementationguide-page"><valueUri value="StructureDefinition-NPCorePatient.html"/></extension><reference><reference value="StructureDefinition/NPCorePatient"/></reference><name value="Patient Profile for Nepal"/><description value="Patient profile with national identifiers, name, gender, birth date, address, contact."/><isExample value="false"/><groupingId value="-str-profile"/></resource><resource><extension url="http://hl7.org/fhir/tools/StructureDefinition/resource-sort"><valueInteger value="999999999"/></extension><extension url="http://hl7.org/fhir/StructureDefinition/implementationguide-page"><valueUri value="StructureDefinition-ethnic-code.html"/></extension><reference><reference value="StructureDefinition/ethnic-code"/></reference><name value="Ethnic Code"/><description value="Extension to capture जाति कोड (ethnicity) based on Nepali classification"/><isExample value="false"/><groupingId value="-str-extension"/></resource><resource><extension url="http://hl7.org/fhir/tools/StructureDefinition/resource-sort"><valueInteger value="999999999"/></extension><extension url="http://hl7.org/fhir/StructureDefinition/implementationguide-page"><valueUri value="StructureDefinition-NepalAddress.html"/></extension><reference><reference value="StructureDefinition/NepalAddress"/></reference><name value="Nepal Address"/><description value="Extension to represent coded and textual forms of Nepal's administrative divisions (Province, District, Municipality, Ward)."/><isExample value="false"/><groupingId value="-str-extension"/></resource><resource><extension url="http://hl7.org/fhir/tools/StructureDefinition/resource-sort"><valueInteger value="999999999"/></extension><extension url="http://hl7.org/fhir/StructureDefinition/implementationguide-page"><valueUri value="ValueSet-administrative-gender.html"/></extension><reference><reference value="ValueSet/administrative-gender"/></reference><name value="Administrative Gender"/><description value="A value set containing administrative gender codes from the FHIR core."/><isExample value="false"/><groupingId value="-term-valueset"/></resource><resource><extension url="http://hl7.org/fhir/tools/StructureDefinition/resource-sort"><valueInteger value="999999999"/></extension><extension url="http://hl7.org/fhir/StructureDefinition/implementationguide-page"><valueUri value="ValueSet-age-range.html"/></extension><reference><reference value="ValueSet/age-range"/></reference><name value="Age Range"/><description value="ValueSet including selected HMIS age ranges from the PeriodRangeCS CodeSystem"/><isExample value="false"/><groupingId value="-term-valueset"/></resource><resource><extension url="http://hl7.org/fhir/tools/StructureDefinition/resource-sort"><valueInteger value="999999999"/></extension><extension url="http://hl7.org/fhir/StructureDefinition/implementationguide-page"><valueUri value="ValueSet-condition-severity.html"/></extension><reference><reference value="ValueSet/condition-severity"/></reference><name value="Condition / Diagnosis Severity"/><description value="Preferred value set for Condition/Diagnosis severity grading"/><isExample value="false"/><groupingId value="-term-valueset"/></resource><resource><extension url="http://hl7.org/fhir/tools/StructureDefinition/resource-sort"><valueInteger value="999999999"/></extension><extension url="http://hl7.org/fhir/StructureDefinition/implementationguide-page"><valueUri value="ValueSet-medication.html"/></extension><reference><reference value="ValueSet/medication"/></reference><name value="Dietary Supplements (SNOMED)"/><description value="Vitamins, minerals, and other dietary supplements"/><isExample value="false"/><groupingId value="-term-valueset"/></resource><resource><extension url="http://hl7.org/fhir/tools/StructureDefinition/resource-sort"><valueInteger value="999999999"/></extension><extension url="http://hl7.org/fhir/StructureDefinition/implementationguide-page"><valueUri value="ValueSet-district.html"/></extension><reference><reference value="ValueSet/district"/></reference><name value="District"/><description value="All district used in administrative divisions"/><isExample value="false"/><groupingId value="-term-valueset"/></resource><resource><extension url="http://hl7.org/fhir/tools/StructureDefinition/resource-sort"><valueInteger value="999999999"/></extension><extension url="http://hl7.org/fhir/StructureDefinition/implementationguide-page"><valueUri value="ValueSet-educational-level.html"/></extension><reference><reference value="ValueSet/educational-level"/></reference><name value="Educational Level"/><description value="Combined SNOMED CT, HL7 v3, and local codes for the highest level of education attained."/><isExample value="false"/><groupingId value="-term-valueset"/></resource><resource><extension url="http://hl7.org/fhir/tools/StructureDefinition/resource-sort"><valueInteger value="999999999"/></extension><extension url="http://hl7.org/fhir/StructureDefinition/implementationguide-page"><valueUri value="ValueSet-employment-status.html"/></extension><reference><reference value="ValueSet/employment-status"/></reference><name value="Employment (रोजगारी स्थिति)"/><description value="Codes representing employment status of a person."/><isExample value="false"/><groupingId value="-term-valueset"/></resource><resource><extension url="http://hl7.org/fhir/tools/StructureDefinition/resource-sort"><valueInteger value="999999999"/></extension><extension url="http://hl7.org/fhir/StructureDefinition/implementationguide-page"><valueUri value="ValueSet-ethnic-code.html"/></extension><reference><reference value="ValueSet/ethnic-code"/></reference><name value="Ethnic Code"/><description value="ValueSet for जाति कोड (Ethnic Codes in Nepal)"/><isExample value="false"/><groupingId value="-term-valueset"/></resource><resource><extension url="http://hl7.org/fhir/tools/StructureDefinition/resource-sort"><valueInteger value="999999999"/></extension><extension url="http://hl7.org/fhir/StructureDefinition/implementationguide-page"><valueUri value="ValueSet-free-cost.html"/></extension><reference><reference value="ValueSet/free-cost"/></reference><name value="Free Cost"/><description value="ValueSet for Free Cost"/><isExample value="false"/><groupingId value="-term-valueset"/></resource><resource><extension url="http://hl7.org/fhir/tools/StructureDefinition/resource-sort"><valueInteger value="999999999"/></extension><extension url="http://hl7.org/fhir/StructureDefinition/implementationguide-page"><valueUri value="ValueSet-free-service-eligibility.html"/></extension><reference><reference value="ValueSet/free-service-eligibility"/></reference><name value="Free Service Eligibility"/><description value="ValueSet representing individuals eligible for free health services"/><isExample value="false"/><groupingId value="-term-valueset"/></resource><resource><extension url="http://hl7.org/fhir/tools/StructureDefinition/resource-sort"><valueInteger value="999999999"/></extension><extension url="http://hl7.org/fhir/StructureDefinition/implementationguide-page"><valueUri value="ValueSet-localbody.html"/></extension><reference><reference value="ValueSet/localbody"/></reference><name value="LocalBody"/><description value="All LocalBody used in administrative divisions"/><isExample value="false"/><groupingId value="-term-valueset"/></resource><resource><extension url="http://hl7.org/fhir/tools/StructureDefinition/resource-sort"><valueInteger value="999999999"/></extension><extension url="http://hl7.org/fhir/StructureDefinition/implementationguide-page"><valueUri value="ValueSet-marital-status.html"/></extension><reference><reference value="ValueSet/marital-status"/></reference><name value="Marital Status (वैवाहिक स्थिति)"/><description value="Codes representing marital status of a person."/><isExample value="false"/><groupingId value="-term-valueset"/></resource><resource><extension url="http://hl7.org/fhir/tools/StructureDefinition/resource-sort"><valueInteger value="999999999"/></extension><extension url="http://hl7.org/fhir/StructureDefinition/implementationguide-page"><valueUri value="ValueSet-option-set-yes-no.html"/></extension><reference><reference value="ValueSet/option-set-yes-no"/></reference><name value="Option Set - Yes / No / Yes-only / Don't know / Not applicable / Positive / Negative"/><description value="Master option set for Yes/No/Yes-only/Don't know/Not applicable, Positive/Negative questions, including Nepali designations:छ/छैन, &#xA;हो/होइन, गराएको/नगराएको, लिएको/नलिएको, भएको/नभएको, पास/फेल, पाएको/नपाएको&#xA;Used for:&#xA;- Presumptive TB Case (सम्भावित क्षयरोग विरामी)&#xA;- Gender Based Violence (लैंगिक हिंसा)&#xA;- Exclusively Breastfeeding (शिशुलाइ जन्मेको ६ महिना सम्म स्तनपान मात्र गराएको)&#xA;- Complementary Food (६ महिना पछि स्तनपान साथै ठोस, अर्धठोस र नरम खाना सुरू)&#xA;- GDS Present (General Danger Sign Present)&#xA;- Chest Indrawing (Yes only)&#xA;- Stridor (Yes only)&#xA;- Wheezing (Yes only)&#xA;- Condom Use&#xA;- Lab test results (Positive/Negative)"/><isExample value="false"/><groupingId value="-term-valueset"/></resource><resource><extension url="http://hl7.org/fhir/tools/StructureDefinition/resource-sort"><valueInteger value="999999999"/></extension><extension url="http://hl7.org/fhir/StructureDefinition/implementationguide-page"><valueUri value="ValueSet-patient-registration-type.html"/></extension><reference><reference value="ValueSet/patient-registration-type"/></reference><name value="Patient Registration Type"/><description value="Patient registration types mapped to SNOMED CT concepts with Nepali display."/><isExample value="false"/><groupingId value="-term-valueset"/></resource><resource><extension url="http://hl7.org/fhir/tools/StructureDefinition/resource-sort"><valueInteger value="999999999"/></extension><extension url="http://hl7.org/fhir/StructureDefinition/implementationguide-page"><valueUri value="ValueSet-visit-ordinal.html"/></extension><reference><reference value="ValueSet/visit-ordinal"/></reference><name value="Patient Visit Ordinal"/><description value="ValueSet combining SNOMED CT codes for first and follow-up visits with local codes for second, third, and repeat visits."/><isExample value="false"/><groupingId value="-term-valueset"/></resource><resource><extension url="http://hl7.org/fhir/tools/StructureDefinition/resource-sort"><valueInteger value="999999999"/></extension><extension url="http://hl7.org/fhir/StructureDefinition/implementationguide-page"><valueUri value="ValueSet-province.html"/></extension><reference><reference value="ValueSet/province"/></reference><name value="Province"/><description value="All provinces used in administrative divisions"/><isExample value="false"/><groupingId value="-term-valueset"/></resource><resource><extension url="http://hl7.org/fhir/tools/StructureDefinition/resource-sort"><valueInteger value="999999999"/></extension><extension url="http://hl7.org/fhir/StructureDefinition/implementationguide-page"><valueUri value="ValueSet-service-area-address.html"/></extension><reference><reference value="ValueSet/service-area-address"/></reference><name value="Service Area Address Classification"/><description value="Classification of address locations relative to the organization's service area and referral context, using SNOMED CT concepts to specify whether the address is inside or outside the service area and the type of location involved."/><isExample value="false"/><groupingId value="-term-valueset"/></resource><resource><extension url="http://hl7.org/fhir/tools/StructureDefinition/resource-sort"><valueInteger value="999999999"/></extension><extension url="http://hl7.org/fhir/StructureDefinition/implementationguide-page"><valueUri value="ValueSet-service-type.html"/></extension><reference><reference value="ValueSet/service-type"/></reference><name value="Service Type"/><description value="Service Type"/><isExample value="false"/><groupingId value="-term-valueset"/></resource><resource><extension url="http://hl7.org/fhir/tools/StructureDefinition/resource-sort"><valueInteger value="999999999"/></extension><extension url="http://hl7.org/fhir/StructureDefinition/implementationguide-page"><valueUri value="ValueSet-vaccine.html"/></extension><reference><reference value="ValueSet/vaccine"/></reference><name value="Vaccines (SNOMED CT)"/><description value="ValueSet of routine vaccines in Nepal, based on SNOMED CT concepts."/><isExample value="false"/><groupingId value="-term-valueset"/></resource><resource><extension url="http://hl7.org/fhir/tools/StructureDefinition/resource-sort"><valueInteger value="999999999"/></extension><extension url="http://hl7.org/fhir/StructureDefinition/implementationguide-page"><valueUri value="CodeSystem-ethnic-code.html"/></extension><reference><reference value="CodeSystem/ethnic-code"/></reference><name value="Ethnic Code"/><description value="जाति कोडहरू: दलित, जनजाती, मधेसी, मुस्लिम, ब्राह्मण/क्षेत्री, अन्य"/><isExample value="false"/><groupingId value="-term-codesystem"/></resource><resource><extension url="http://hl7.org/fhir/tools/StructureDefinition/resource-sort"><valueInteger value="999999999"/></extension><extension url="http://hl7.org/fhir/StructureDefinition/implementationguide-page"><valueUri value="CodeSystem-free-service-eligibility.html"/></extension><reference><reference value="CodeSystem/free-service-eligibility"/></reference><name value="Free Service Eligibility"/><description value="Categories of individuals eligible for free health services (निशुल्क सेवा कोड)"/><isExample value="false"/><groupingId value="-term-codesystem"/></resource><resource><extension url="http://hl7.org/fhir/tools/StructureDefinition/resource-sort"><valueInteger value="999999999"/></extension><extension url="http://hl7.org/fhir/StructureDefinition/implementationguide-page"><valueUri value="CodeSystem-locations.html"/></extension><reference><reference value="CodeSystem/locations"/></reference><name value="Nepal Administrative Location Codes"/><description value="Comprehensive code system for Nepals provinces, districts, and municipalities."/><isExample value="false"/><groupingId value="-term-codesystem"/></resource><resource><extension url="http://hl7.org/fhir/tools/StructureDefinition/resource-sort"><valueInteger value="999999999"/></extension><extension url="http://hl7.org/fhir/StructureDefinition/implementationguide-page"><valueUri value="CodeSystem-facility-type.html"/></extension><reference><reference value="CodeSystem/facility-type"/></reference><name value="Nepal Health Facility Type"/><description value="Types of health facilities in Nepal, based on Ministry of Health and Population classifications."/><isExample value="false"/><groupingId value="-term-codesystem"/></resource><resource><extension url="http://hl7.org/fhir/tools/StructureDefinition/resource-sort"><valueInteger value="999999999"/></extension><extension url="http://hl7.org/fhir/StructureDefinition/implementationguide-page"><valueUri value="CodeSystem-period-range.html"/></extension><reference><reference value="CodeSystem/period-range"/></reference><name value="Period Range"/><description value="HMIS period ranges codes based on IHE ADX Range Coding System. &#xA;Reference: IHE QRPH Supplement ADX, CP-QRPH-238, https://www.ihe.net/uploadedFiles/Documents/QRPH/IHE_QRPH_Suppl_ADX.pdf#page=78&#xA;&#xA;Durations define the amount if an intervening time between two time points. These durations are represented in the form P[n]Y[n]M[n]DT[n]H[n]M[n]S or P[n]W. The [n] is replaced by the value for each of the time elements that follow the [n] and the letters have the meaning:&#xA;&#xA;P is the duration designator (for period) placed at the start of the duration representation.&#xA;Y is the year designator that follows the value for the number of years.&#xA;M is the month designator that follows the value for the number of months.&#xA;W is the week designator that follows the value for the number of weeks.&#xA;D is the day designator that follows the value for the number of days.&#xA;T is the time designator that precedes the time components of the representation.&#xA;H is the hour designator that follows the value for the number of hours.&#xA;M is the minute designator that follows the value for the number of minutes.&#xA;S is the second designator that follows the value for the number of seconds."/><isExample value="false"/><groupingId value="-term-codesystem"/></resource><resource><extension url="http://hl7.org/fhir/tools/StructureDefinition/resource-sort"><valueInteger value="999999999"/></extension><extension url="http://hl7.org/fhir/StructureDefinition/implementationguide-page"><valueUri value="CodeSystem-yes-no.html"/></extension><reference><reference value="CodeSystem/yes-no"/></reference><name value="Yes / No CodeSystem"/><description value="For representing Yes and No values in Nepali."/><isExample value="false"/><groupingId value="-term-codesystem"/></resource><resource><extension url="http://hl7.org/fhir/tools/StructureDefinition/resource-sort"><valueInteger value="999999999"/></extension><extension url="http://hl7.org/fhir/StructureDefinition/implementationguide-page"><valueUri value="CodeSystem-free-cost.html"/></extension><reference><reference value="CodeSystem/free-cost"/></reference><name value="निशुल्क/शुल्क रू"/><description value="निशुल्क/शुल्क रू"/><isExample value="false"/><groupingId value="-term-codesystem"/></resource><resource><extension url="http://hl7.org/fhir/tools/StructureDefinition/resource-sort"><valueInteger value="999999999"/></extension><extension url="http://hl7.org/fhir/StructureDefinition/implementationguide-page"><valueUri value="CodeSystem-service-type.html"/></extension><reference><reference value="CodeSystem/service-type"/></reference><name value="सेवाको किसिम कोड सिस्टम"/><description value="स्वास्थ्य सेवाका विभिन्न किसिमहरूको कोड सूची"/><isExample value="false"/><groupingId value="-term-codesystem"/></resource><resource><extension url="http://hl7.org/fhir/tools/StructureDefinition/resource-sort"><valueInteger value="999999999"/></extension><extension url="http://hl7.org/fhir/StructureDefinition/implementationguide-page"><valueUri value="NamingSystem-HealthID.html"/></extension><reference><reference value="NamingSystem/HealthID"/></reference><name value="National Health ID"/><description value="The official National Health Identification Number assigned by the Government of Nepal."/><isExample value="false"/><groupingId value="-term-namingsystem"/></resource><resource><extension url="http://hl7.org/fhir/tools/StructureDefinition/resource-sort"><valueInteger value="999999999"/></extension><extension url="http://hl7.org/fhir/StructureDefinition/implementationguide-page"><valueUri value="NamingSystem-NationalID.html"/></extension><reference><reference value="NamingSystem/NationalID"/></reference><name value="Nepal National Identity Number"/><description value="Nepalese National Identity Number issued by the Ministry of Home Affairs."/><isExample value="false"/><groupingId value="-term-namingsystem"/></resource><resource><extension url="http://hl7.org/fhir/tools/StructureDefinition/resource-sort"><valueInteger value="999999999"/></extension><extension url="http://hl7.org/fhir/StructureDefinition/implementationguide-page"><valueUri value="Encounter-encounter-anc-visit.html"/></extension><reference><reference value="Encounter/encounter-anc-visit"/></reference><name value="Encounter ANC Visit - Pregnant Woman"/><description value="An antenatal care visit for a pregnant woman."/><isExample value="true"/><groupingId value="-ex-example"/></resource><resource><extension url="http://hl7.org/fhir/tools/StructureDefinition/resource-sort"><valueInteger value="999999999"/></extension><extension url="http://hl7.org/fhir/StructureDefinition/implementationguide-page"><valueUri value="Immunization-immunization-bcg.html"/></extension><reference><reference value="Immunization/immunization-bcg"/></reference><name value="Immunization Record - BCG"/><description value="An example of an immunization resource for BCG vaccine."/><isExample value="true"/><groupingId value="-ex-example"/></resource><resource><extension url="http://hl7.org/fhir/tools/StructureDefinition/resource-sort"><valueInteger value="999999999"/></extension><extension url="http://hl7.org/fhir/StructureDefinition/implementationguide-page"><valueUri value="Immunization-immunization-dpt.html"/></extension><reference><reference value="Immunization/immunization-dpt"/></reference><name value="Immunization Record - DPT"/><description value="An example of an immunization resource for Diphtheria, Pertussis, and Tetanus (DPT) vaccine."/><isExample value="true"/><groupingId value="-ex-example"/></resource><resource><extension url="http://hl7.org/fhir/tools/StructureDefinition/resource-sort"><valueInteger value="999999999"/></extension><extension url="http://hl7.org/fhir/StructureDefinition/implementationguide-page"><valueUri value="Immunization-immunization-fipv.html"/></extension><reference><reference value="Immunization/immunization-fipv"/></reference><name value="Immunization Record - Fractional Injectable Polio Vaccine (fIPV)"/><description value="Example immunization resource for fractional IPV, given intradermally at 14 weeks and 9 months (2 doses)."/><isExample value="true"/><groupingId value="-ex-example"/></resource><resource><extension url="http://hl7.org/fhir/tools/StructureDefinition/resource-sort"><valueInteger value="999999999"/></extension><extension url="http://hl7.org/fhir/StructureDefinition/implementationguide-page"><valueUri value="Immunization-immunization-hpv.html"/></extension><reference><reference value="Immunization/immunization-hpv"/></reference><name value="Immunization Record - HPV Vaccine"/><description value="Example immunization resource for Human Papillomavirus vaccine, given intramuscularly to adolescent girls in grades 6-10 and out-of-school girls aged 10+."/><isExample value="true"/><groupingId value="-ex-example"/></resource><resource><extension url="http://hl7.org/fhir/tools/StructureDefinition/resource-sort"><valueInteger value="999999999"/></extension><extension url="http://hl7.org/fhir/StructureDefinition/implementationguide-page"><valueUri value="Immunization-immunization-je.html"/></extension><reference><reference value="Immunization/immunization-je"/></reference><name value="Immunization Record - Japanese Encephalitis Vaccine"/><description value="Example immunization resource for Japanese Encephalitis vaccine, given subcutaneously at 12 months."/><isExample value="true"/><groupingId value="-ex-example"/></resource><resource><extension url="http://hl7.org/fhir/tools/StructureDefinition/resource-sort"><valueInteger value="999999999"/></extension><extension url="http://hl7.org/fhir/StructureDefinition/implementationguide-page"><valueUri value="Immunization-immunization-mr.html"/></extension><reference><reference value="Immunization/immunization-mr"/></reference><name value="Immunization Record - Measles-Rubella Vaccine"/><description value="Example immunization resource for Measles-Rubella vaccine, given subcutaneously at 9 and 15 months."/><isExample value="true"/><groupingId value="-ex-example"/></resource><resource><extension url="http://hl7.org/fhir/tools/StructureDefinition/resource-sort"><valueInteger value="999999999"/></extension><extension url="http://hl7.org/fhir/StructureDefinition/implementationguide-page"><valueUri value="Immunization-immunization-opv.html"/></extension><reference><reference value="Immunization/immunization-opv"/></reference><name value="Immunization Record - OPV"/><description value="An example of an immunization resource for Oral Polio Vaccine (OPV)."/><isExample value="true"/><groupingId value="-ex-example"/></resource><resource><extension url="http://hl7.org/fhir/tools/StructureDefinition/resource-sort"><valueInteger value="999999999"/></extension><extension url="http://hl7.org/fhir/StructureDefinition/implementationguide-page"><valueUri value="Immunization-immunization-pcv.html"/></extension><reference><reference value="Immunization/immunization-pcv"/></reference><name value="Immunization Record - PCV"/><description value="An example of an immunization resource for Pneumococcal Conjugate Vaccine (PCV)."/><isExample value="true"/><groupingId value="-ex-example"/></resource><resource><extension url="http://hl7.org/fhir/tools/StructureDefinition/resource-sort"><valueInteger value="999999999"/></extension><extension url="http://hl7.org/fhir/StructureDefinition/implementationguide-page"><valueUri value="Immunization-immunization-penta.html"/></extension><reference><reference value="Immunization/immunization-penta"/></reference><name value="Immunization Record - Pentavalent Vaccine"/><description value="An example of an immunization resource for the Pentavalent vaccine (DPT-HepB-Hib)."/><isExample value="true"/><groupingId value="-ex-example"/></resource><resource><extension url="http://hl7.org/fhir/tools/StructureDefinition/resource-sort"><valueInteger value="999999999"/></extension><extension url="http://hl7.org/fhir/StructureDefinition/implementationguide-page"><valueUri value="Immunization-immunization-polio.html"/></extension><reference><reference value="Immunization/immunization-polio"/></reference><name value="Immunization Record - Polio"/><description value="An example of an immunization resource for Poliomyelitis vaccine (IPV/OPV)."/><isExample value="true"/><groupingId value="-ex-example"/></resource><resource><extension url="http://hl7.org/fhir/tools/StructureDefinition/resource-sort"><valueInteger value="999999999"/></extension><extension url="http://hl7.org/fhir/StructureDefinition/implementationguide-page"><valueUri value="Immunization-immunization-rota.html"/></extension><reference><reference value="Immunization/immunization-rota"/></reference><name value="Immunization Record - Rotavirus"/><description value="An example of an immunization resource for Rotavirus vaccine."/><isExample value="true"/><groupingId value="-ex-example"/></resource><resource><extension url="http://hl7.org/fhir/tools/StructureDefinition/resource-sort"><valueInteger value="999999999"/></extension><extension url="http://hl7.org/fhir/StructureDefinition/implementationguide-page"><valueUri value="Immunization-immunization-td.html"/></extension><reference><reference value="Immunization/immunization-td"/></reference><name value="Immunization Record - Td"/><description value="An example of an immunization resource for Tetanus and Diphtheria (Td) vaccine."/><isExample value="true"/><groupingId value="-ex-example"/></resource><resource><extension url="http://hl7.org/fhir/tools/StructureDefinition/resource-sort"><valueInteger value="999999999"/></extension><extension url="http://hl7.org/fhir/StructureDefinition/implementationguide-page"><valueUri value="Immunization-immunization-typhoid.html"/></extension><reference><reference value="Immunization/immunization-typhoid"/></reference><name value="Immunization Record - Typhoid Vaccine"/><description value="Example immunization resource for Typhoid vaccine, given intramuscularly at 15 months."/><isExample value="true"/><groupingId value="-ex-example"/></resource><resource><extension url="http://hl7.org/fhir/tools/StructureDefinition/resource-sort"><valueInteger value="999999999"/></extension><extension url="http://hl7.org/fhir/StructureDefinition/implementationguide-page"><valueUri value="Location-location-bhsc.html"/></extension><reference><reference value="Location/location-bhsc"/></reference><name value="Location – Basic Health Service Center, Tokha, Kathmandu"/><description value="A Basic Health Service Center located in Ward No. 5, Tokha Municipality, Kathmandu District, Bagmati Province, Nepal."/><isExample value="true"/><groupingId value="-ex-example"/></resource><resource><extension url="http://hl7.org/fhir/tools/StructureDefinition/resource-sort"><valueInteger value="999999999"/></extension><extension url="http://hl7.org/fhir/StructureDefinition/implementationguide-page"><valueUri value="Observation-observation-child-weight.html"/></extension><reference><reference value="Observation/observation-child-weight"/></reference><name value="Observation - Weight Measurement for Child"/><description value="An example observation recording the weight of a child."/><isExample value="true"/><groupingId value="-ex-example"/></resource><resource><extension url="http://hl7.org/fhir/tools/StructureDefinition/resource-sort"><valueInteger value="999999999"/></extension><extension url="http://hl7.org/fhir/StructureDefinition/implementationguide-page"><valueUri value="Patient-patient-child.html"/></extension><reference><reference value="Patient/patient-child"/></reference><name value="Patient – Child"/><description value="1-year-old Suman Thapa from Kathmandu Metropolitan City Ward No. 12 visiting the Health Facility for routine immunizations."/><isExample value="true"/><groupingId value="-ex-example"/></resource><resource><extension url="http://hl7.org/fhir/tools/StructureDefinition/resource-sort"><valueInteger value="999999999"/></extension><extension url="http://hl7.org/fhir/StructureDefinition/implementationguide-page"><valueUri value="Patient-patient-pregnant.html"/></extension><reference><reference value="Patient/patient-pregnant"/></reference><name value="Patient – Pregnant Woman (Mom-to-Be)"/><description value="21-year-old Hiramaya Tamang from Ilam Municipality Ward No. 5 visiting the district hospital for pregnancy-related care."/><isExample value="true"/><groupingId value="-ex-example"/></resource><resource><extension url="http://hl7.org/fhir/tools/StructureDefinition/resource-sort"><valueInteger value="999999999"/></extension><extension url="http://hl7.org/fhir/StructureDefinition/implementationguide-page"><valueUri value="Organization-organization-bhsc.html"/></extension><reference><reference value="Organization/organization-bhsc"/></reference><name value="Tokha BHSC 07"/><description value="The BHSC 07 responsible for managing the Basic Health Service Center, Tokha, Kathmandu."/><isExample value="true"/><groupingId value="-ex-example"/></resource><page><sourceUrl value="toc.html"/><name value="toc.html"/><title value="Table of Contents"/><generation value="html"/><page><sourceUrl value="index.html"/><name value="index.html"/><title value="Home"/><generation value="markdown"/></page><page><sourceUrl value="smart-index.html"/><name value="smart-index.html"/><title value="SMART Guidelines"/><generation value="markdown"/></page><page><sourceUrl value="profiles.html"/><name value="profiles.html"/><title value="Extensions and Profiles"/><generation value="markdown"/></page><page><sourceUrl value="codesystems.html"/><name value="codesystems.html"/><title value="Code Systems"/><generation value="markdown"/></page><page><sourceUrl value="valuesets.html"/><name value="valuesets.html"/><title value="Value Sets"/><generation value="markdown"/></page><page><sourceUrl value="indicators.html"/><name value="indicators.html"/><title value="Indicators"/><generation value="markdown"/></page><page><sourceUrl value="identifiers.html"/><name value="identifiers.html"/><title value="Identifier Systems"/><generation value="markdown"/></page><page><sourceUrl value="external_terminologies.html"/><name value="external_terminologies.html"/><title value="External Code Systems"/><generation value="markdown"/></page><page><sourceUrl value="health-journey.html"/><name value="health-journey.html"/><title value="Health Journey"/><generation value="markdown"/></page><page><sourceUrl value="security.html"/><name value="security.html"/><title value="Security and Privacy"/><generation value="markdown"/></page><page><sourceUrl value="gov_concepts.html"/><name value="gov_concepts.html"/><title value="Governance"/><generation value="markdown"/><page><sourceUrl value="archimate-diagram.html"/><name value="archimate-diagram.html"/><title value="ArchiMate Diagram"/><generation value="markdown"/></page></page><page><sourceUrl value="examples.html"/><name value="examples.html"/><title value="Examples"/><generation value="markdown"/></page><page><sourceUrl value="downloads.html"/><name value="downloads.html"/><title value="Downloads"/><generation value="markdown"/><page><sourceUrl value="copyrights.html"/><name value="copyrights.html"/><title value="Copyrights"/><generation value="markdown"/></page></page><page><sourceUrl value="health-journey-mnch.html"/><name value="health-journey-mnch.html"/><title value="Health Journey Mnch"/><generation value="markdown"/></page><page><sourceUrl value="health-journey-immunization.html"/><name value="health-journey-immunization.html"/><title value="Health Journey Immunization"/><generation value="markdown"/></page><page><sourceUrl value="health-journey-opd.html"/><name value="health-journey-opd.html"/><title value="Health Journey Opd"/><generation value="markdown"/></page><page><sourceUrl value="artifacts.html"/><name value="artifacts.html"/><title value="Artifacts Summary"/><generation value="html"/><page><sourceUrl value="StructureDefinition-NPCoreEncounter.html"/><name value="StructureDefinition-NPCoreEncounter.html"/><title value="Encounter Profile for Nepal Basic Health Services"/><generation value="generated"/></page><page><sourceUrl value="StructureDefinition-NPCoreImmunization.html"/><name value="StructureDefinition-NPCoreImmunization.html"/><title value="Immunization Profile for Nepal"/><generation value="generated"/></page><page><sourceUrl value="StructureDefinition-NPCoreMedicationStatement.html"/><name value="StructureDefinition-NPCoreMedicationStatement.html"/><title value="Medication Statement"/><generation value="generated"/></page><page><sourceUrl value="StructureDefinition-NPCorePatient.html"/><name value="StructureDefinition-NPCorePatient.html"/><title value="Patient Profile for Nepal"/><generation value="generated"/></page><page><sourceUrl value="StructureDefinition-ethnic-code.html"/><name value="StructureDefinition-ethnic-code.html"/><title value="Ethnic Code"/><generation value="generated"/></page><page><sourceUrl value="StructureDefinition-NepalAddress.html"/><name value="StructureDefinition-NepalAddress.html"/><title value="Nepal Address"/><generation value="generated"/></page><page><sourceUrl value="ValueSet-administrative-gender.html"/><name value="ValueSet-administrative-gender.html"/><title value="Administrative Gender"/><generation value="generated"/></page><page><sourceUrl value="ValueSet-age-range.html"/><name value="ValueSet-age-range.html"/><title value="Age Range"/><generation value="generated"/></page><page><sourceUrl value="ValueSet-condition-severity.html"/><name value="ValueSet-condition-severity.html"/><title value="Condition / Diagnosis Severity"/><generation value="generated"/></page><page><sourceUrl value="ValueSet-medication.html"/><name value="ValueSet-medication.html"/><title value="Dietary Supplements (SNOMED)"/><generation value="generated"/></page><page><sourceUrl value="ValueSet-district.html"/><name value="ValueSet-district.html"/><title value="District"/><generation value="generated"/></page><page><sourceUrl value="ValueSet-educational-level.html"/><name value="ValueSet-educational-level.html"/><title value="Educational Level"/><generation value="generated"/></page><page><sourceUrl value="ValueSet-employment-status.html"/><name value="ValueSet-employment-status.html"/><title value="Employment (रोजगारी स्थिति)"/><generation value="generated"/></page><page><sourceUrl value="ValueSet-ethnic-code.html"/><name value="ValueSet-ethnic-code.html"/><title value="Ethnic Code"/><generation value="generated"/></page><page><sourceUrl value="ValueSet-free-cost.html"/><name value="ValueSet-free-cost.html"/><title value="Free Cost"/><generation value="generated"/></page><page><sourceUrl value="ValueSet-free-service-eligibility.html"/><name value="ValueSet-free-service-eligibility.html"/><title value="Free Service Eligibility"/><generation value="generated"/></page><page><sourceUrl value="ValueSet-localbody.html"/><name value="ValueSet-localbody.html"/><title value="LocalBody"/><generation value="generated"/></page><page><sourceUrl value="ValueSet-marital-status.html"/><name value="ValueSet-marital-status.html"/><title value="Marital Status (वैवाहिक स्थिति)"/><generation value="generated"/></page><page><sourceUrl value="ValueSet-option-set-yes-no.html"/><name value="ValueSet-option-set-yes-no.html"/><title value="Option Set - Yes / No / Yes-only / Don't know / Not applicable / Positive / Negative"/><generation value="generated"/></page><page><sourceUrl value="ValueSet-patient-registration-type.html"/><name value="ValueSet-patient-registration-type.html"/><title value="Patient Registration Type"/><generation value="generated"/></page><page><sourceUrl value="ValueSet-visit-ordinal.html"/><name value="ValueSet-visit-ordinal.html"/><title value="Patient Visit Ordinal"/><generation value="generated"/></page><page><sourceUrl value="ValueSet-province.html"/><name value="ValueSet-province.html"/><title value="Province"/><generation value="generated"/></page><page><sourceUrl value="ValueSet-service-area-address.html"/><name value="ValueSet-service-area-address.html"/><title value="Service Area Address Classification"/><generation value="generated"/></page><page><sourceUrl value="ValueSet-service-type.html"/><name value="ValueSet-service-type.html"/><title value="Service Type"/><generation value="generated"/></page><page><sourceUrl value="ValueSet-vaccine.html"/><name value="ValueSet-vaccine.html"/><title value="Vaccines (SNOMED CT)"/><generation value="generated"/></page><page><sourceUrl value="CodeSystem-ethnic-code.html"/><name value="CodeSystem-ethnic-code.html"/><title value="Ethnic Code"/><generation value="generated"/></page><page><sourceUrl value="CodeSystem-free-service-eligibility.html"/><name value="CodeSystem-free-service-eligibility.html"/><title value="Free Service Eligibility"/><generation value="generated"/></page><page><sourceUrl value="CodeSystem-locations.html"/><name value="CodeSystem-locations.html"/><title value="Nepal Administrative Location Codes"/><generation value="generated"/></page><page><sourceUrl value="CodeSystem-facility-type.html"/><name value="CodeSystem-facility-type.html"/><title value="Nepal Health Facility Type"/><generation value="generated"/></page><page><sourceUrl value="CodeSystem-period-range.html"/><name value="CodeSystem-period-range.html"/><title value="Period Range"/><generation value="generated"/></page><page><sourceUrl value="CodeSystem-yes-no.html"/><name value="CodeSystem-yes-no.html"/><title value="Yes / No CodeSystem"/><generation value="generated"/></page><page><sourceUrl value="CodeSystem-free-cost.html"/><name value="CodeSystem-free-cost.html"/><title value="निशुल्क/शुल्क रू"/><generation value="generated"/></page><page><sourceUrl value="CodeSystem-service-type.html"/><name value="CodeSystem-service-type.html"/><title value="सेवाको किसिम कोड सिस्टम"/><generation value="generated"/></page><page><sourceUrl value="NamingSystem-HealthID.html"/><name value="NamingSystem-HealthID.html"/><title value="National Health ID"/><generation value="generated"/></page><page><sourceUrl value="NamingSystem-NationalID.html"/><name value="NamingSystem-NationalID.html"/><title value="Nepal National Identity Number"/><generation value="generated"/></page><page><sourceUrl value="Encounter-encounter-anc-visit.html"/><name value="Encounter-encounter-anc-visit.html"/><title value="Encounter ANC Visit - Pregnant Woman"/><generation value="generated"/></page><page><sourceUrl value="Immunization-immunization-bcg.html"/><name value="Immunization-immunization-bcg.html"/><title value="Immunization Record - BCG"/><generation value="generated"/></page><page><sourceUrl value="Immunization-immunization-dpt.html"/><name value="Immunization-immunization-dpt.html"/><title value="Immunization Record - DPT"/><generation value="generated"/></page><page><sourceUrl value="Immunization-immunization-fipv.html"/><name value="Immunization-immunization-fipv.html"/><title value="Immunization Record - Fractional Injectable Polio Vaccine (fIPV)"/><generation value="generated"/></page><page><sourceUrl value="Immunization-immunization-hpv.html"/><name value="Immunization-immunization-hpv.html"/><title value="Immunization Record - HPV Vaccine"/><generation value="generated"/></page><page><sourceUrl value="Immunization-immunization-je.html"/><name value="Immunization-immunization-je.html"/><title value="Immunization Record - Japanese Encephalitis Vaccine"/><generation value="generated"/></page><page><sourceUrl value="Immunization-immunization-mr.html"/><name value="Immunization-immunization-mr.html"/><title value="Immunization Record - Measles-Rubella Vaccine"/><generation value="generated"/></page><page><sourceUrl value="Immunization-immunization-opv.html"/><name value="Immunization-immunization-opv.html"/><title value="Immunization Record - OPV"/><generation value="generated"/></page><page><sourceUrl value="Immunization-immunization-pcv.html"/><name value="Immunization-immunization-pcv.html"/><title value="Immunization Record - PCV"/><generation value="generated"/></page><page><sourceUrl value="Immunization-immunization-penta.html"/><name value="Immunization-immunization-penta.html"/><title value="Immunization Record - Pentavalent Vaccine"/><generation value="generated"/></page><page><sourceUrl value="Immunization-immunization-polio.html"/><name value="Immunization-immunization-polio.html"/><title value="Immunization Record - Polio"/><generation value="generated"/></page><page><sourceUrl value="Immunization-immunization-rota.html"/><name value="Immunization-immunization-rota.html"/><title value="Immunization Record - Rotavirus"/><generation value="generated"/></page><page><sourceUrl value="Immunization-immunization-td.html"/><name value="Immunization-immunization-td.html"/><title value="Immunization Record - Td"/><generation value="generated"/></page><page><sourceUrl value="Immunization-immunization-typhoid.html"/><name value="Immunization-immunization-typhoid.html"/><title value="Immunization Record - Typhoid Vaccine"/><generation value="generated"/></page><page><sourceUrl value="Location-location-bhsc.html"/><name value="Location-location-bhsc.html"/><title value="Location – Basic Health Service Center, Tokha, Kathmandu"/><generation value="generated"/></page><page><sourceUrl value="Observation-observation-child-weight.html"/><name value="Observation-observation-child-weight.html"/><title value="Observation - Weight Measurement for Child"/><generation value="generated"/></page><page><sourceUrl value="Patient-patient-child.html"/><name value="Patient-patient-child.html"/><title value="Patient – Child"/><generation value="generated"/></page><page><sourceUrl value="Patient-patient-pregnant.html"/><name value="Patient-patient-pregnant.html"/><title value="Patient – Pregnant Woman (Mom-to-Be)"/><generation value="generated"/></page><page><sourceUrl value="Organization-organization-bhsc.html"/><name value="Organization-organization-bhsc.html"/><title value="Tokha BHSC 07"/><generation value="generated"/></page></page></page><parameter><code><system value="http://hl7.org/fhir/tools/CodeSystem/ig-parameters"/><code value="copyrightyear"/></code><value value="2025+"/></parameter><parameter><code><system value="http://hl7.org/fhir/tools/CodeSystem/ig-parameters"/><code value="releaselabel"/></code><value value="ci-build"/></parameter><parameter><code><system value="http://hl7.org/fhir/tools/CodeSystem/ig-parameters"/><code value="autoload-resources"/></code><value value="true"/></parameter><parameter><code><system value="http://hl7.org/fhir/guide-parameter-code"/><code value="path-resource"/></code><value value="input/capabilities"/></parameter><parameter><code><system value="http://hl7.org/fhir/guide-parameter-code"/><code value="path-resource"/></code><value value="input/examples"/></parameter><parameter><code><system value="http://hl7.org/fhir/guide-parameter-code"/><code value="path-resource"/></code><value value="input/extensions"/></parameter><parameter><code><system value="http://hl7.org/fhir/guide-parameter-code"/><code value="path-resource"/></code><value value="input/models"/></parameter><parameter><code><system value="http://hl7.org/fhir/guide-parameter-code"/><code value="path-resource"/></code><value value="input/operations"/></parameter><parameter><code><system value="http://hl7.org/fhir/guide-parameter-code"/><code value="path-resource"/></code><value value="input/profiles"/></parameter><parameter><code><system value="http://hl7.org/fhir/guide-parameter-code"/><code value="path-resource"/></code><value value="input/resources"/></parameter><parameter><code><system value="http://hl7.org/fhir/guide-parameter-code"/><code value="path-resource"/></code><value value="input/vocabulary"/></parameter><parameter><code><system value="http://hl7.org/fhir/guide-parameter-code"/><code value="path-resource"/></code><value value="input/maps"/></parameter><parameter><code><system value="http://hl7.org/fhir/guide-parameter-code"/><code value="path-resource"/></code><value value="input/testing"/></parameter><parameter><code><system value="http://hl7.org/fhir/guide-parameter-code"/><code value="path-resource"/></code><value value="input/history"/></parameter><parameter><code><system value="http://hl7.org/fhir/guide-parameter-code"/><code value="path-resource"/></code><value value="fsh-generated/resources"/></parameter><parameter><code><system value="http://hl7.org/fhir/guide-parameter-code"/><code value="path-pages"/></code><value value="template/config"/></parameter><parameter><code><system value="http://hl7.org/fhir/guide-parameter-code"/><code value="path-pages"/></code><value value="input/images"/></parameter><parameter><code><system value="http://hl7.org/fhir/tools/CodeSystem/ig-parameters"/><code value="path-liquid"/></code><value value="template/liquid"/></parameter><parameter><code><system value="http://hl7.org/fhir/tools/CodeSystem/ig-parameters"/><code value="path-liquid"/></code><value value="input/liquid"/></parameter><parameter><code><system value="http://hl7.org/fhir/tools/CodeSystem/ig-parameters"/><code value="path-qa"/></code><value value="temp/qa"/></parameter><parameter><code><system value="http://hl7.org/fhir/tools/CodeSystem/ig-parameters"/><code value="path-temp"/></code><value value="temp/pages"/></parameter><parameter><code><system value="http://hl7.org/fhir/tools/CodeSystem/ig-parameters"/><code value="path-output"/></code><value value="output"/></parameter><parameter><code><system value="http://hl7.org/fhir/guide-parameter-code"/><code value="path-tx-cache"/></code><value value="input-cache/txcache"/></parameter><parameter><code><system value="http://hl7.org/fhir/tools/CodeSystem/ig-parameters"/><code value="path-suppressed-warnings"/></code><value value="input/ignoreWarnings.txt"/></parameter><parameter><code><system value="http://hl7.org/fhir/tools/CodeSystem/ig-parameters"/><code value="path-history"/></code><value value="history.html"/></parameter><parameter><code><system value="http://hl7.org/fhir/tools/CodeSystem/ig-parameters"/><code value="template-html"/></code><value value="template-page.html"/></parameter><parameter><code><system value="http://hl7.org/fhir/tools/CodeSystem/ig-parameters"/><code value="template-md"/></code><value value="template-page-md.html"/></parameter><parameter><code><system value="http://hl7.org/fhir/tools/CodeSystem/ig-parameters"/><code value="apply-contact"/></code><value value="true"/></parameter><parameter><code><system value="http://hl7.org/fhir/tools/CodeSystem/ig-parameters"/><code value="apply-context"/></code><value value="true"/></parameter><parameter><code><system value="http://hl7.org/fhir/tools/CodeSystem/ig-parameters"/><code value="apply-copyright"/></code><value value="true"/></parameter><parameter><code><system value="http://hl7.org/fhir/tools/CodeSystem/ig-parameters"/><code value="apply-jurisdiction"/></code><value value="true"/></parameter><parameter><code><system value="http://hl7.org/fhir/tools/CodeSystem/ig-parameters"/><code value="apply-license"/></code><value value="true"/></parameter><parameter><code><system value="http://hl7.org/fhir/tools/CodeSystem/ig-parameters"/><code value="apply-publisher"/></code><value value="true"/></parameter><parameter><code><system value="http://hl7.org/fhir/tools/CodeSystem/ig-parameters"/><code value="apply-version"/></code><value value="true"/></parameter><parameter><code><system value="http://hl7.org/fhir/tools/CodeSystem/ig-parameters"/><code value="apply-wg"/></code><value value="true"/></parameter><parameter><code><system value="http://hl7.org/fhir/tools/CodeSystem/ig-parameters"/><code value="active-tables"/></code><value value="true"/></parameter><parameter><code><system value="http://hl7.org/fhir/tools/CodeSystem/ig-parameters"/><code value="fmm-definition"/></code><value value="http://hl7.org/fhir/versions.html#maturity"/></parameter><parameter><code><system value="http://hl7.org/fhir/tools/CodeSystem/ig-parameters"/><code value="propagate-status"/></code><value value="true"/></parameter><parameter><code><system value="http://hl7.org/fhir/tools/CodeSystem/ig-parameters"/><code value="excludelogbinaryformat"/></code><value value="true"/></parameter><parameter><code><system value="http://hl7.org/fhir/tools/CodeSystem/ig-parameters"/><code value="tabbed-snapshots"/></code><value value="true"/></parameter></definition></ImplementationGuide>