<?xml version="1.0" encoding="UTF-8"?><ImplementationGuide xmlns="http://hl7.org/fhir"><id value="hl7.fhir.hmis"/><text><status value="generated"/><div xmlns="http://www.w3.org/1999/xhtml"><p class="res-header-id"><b>Generated Narrative: ImplementationGuide hl7.fhir.hmis</b></p><a name="hl7.fhir.hmis"> </a><a name="hchl7.fhir.hmis"> </a><h2>NPCoreImplementationGuide</h2><p>The official URL for this implementation guide is: </p><pre>https://hl7.hmis.gov.np/ImplementationGuide/hl7.fhir.hmis</pre><div><p>The Electronic Health Management Information System (E-HMIS) FHIR Implementation Guide defines the core profiles, data elements, workflows, and terminologies necessary to support interoperable, standards-based reporting and service delivery for Nepal’s routine health information systems.
This guide aligns with national data standards, WHO Digital Adaptation Kits (DAKs), and global FHIR best practices. It enables structured data exchange between digital health systems and the national DHIS2-based HMIS platform, improving the accuracy, timeliness, and use of health data for decision-making.
It is developed to support routine service delivery programs such as Maternal and Child Health, CB-IMNCI, Immunization, and Basic Health Services, and will evolve to integrate real-time analytics, feedback loops, and decentralized data entry mechanisms.</p>
</div></div></text><url value="https://hl7.hmis.gov.np/ImplementationGuide/hl7.fhir.hmis"/><version value="1.0.1"/><name value="NPCoreImplementationGuide"/><title value="Nepal HMIS FHIR Implementation Guide"/><status value="active"/><date value="2025-08-01"/><publisher value="Integrated Health Information Management Section"/><contact><name value="Integrated Health Information Management Section"/><telecom><system value="url"/><value value="https://hmis.gov.np"/></telecom><telecom><system value="email"/><value value="it@hmis.gov.np"/></telecom></contact><contact><name value="RC Poudel"/><telecom><system value="email"/><value value="rcpoudel@amakomaya.com"/></telecom><telecom><system value="email"/><value value="rmchndrapdl@gmail.com"/></telecom><telecom><system value="phone"/><value value="+977-9851341921"/></telecom></contact><description value="The Electronic Health Management Information System (E-HMIS) FHIR Implementation Guide defines the core profiles, data elements, workflows, and terminologies necessary to support interoperable, standards-based reporting and service delivery for Nepal’s routine health information systems.&#xA;This guide aligns with national data standards, WHO Digital Adaptation Kits (DAKs), and global FHIR best practices. It enables structured data exchange between digital health systems and the national DHIS2-based HMIS platform, improving the accuracy, timeliness, and use of health data for decision-making.&#xA;It is developed to support routine service delivery programs such as Maternal and Child Health, CB-IMNCI, Immunization, and Basic Health Services, and will evolve to integrate real-time analytics, feedback loops, and decentralized data entry mechanisms."/><jurisdiction><coding><system value="urn:iso:std:iso:3166"/><code value="NP"/><display value="Nepal"/></coding></jurisdiction><copyright value="Used by permission of HL7 International, all rights reserved Creative Commons License"/><packageId value="hl7.fhir.hmis"/><license value="CC-BY-SA-3.0"/><fhirVersion value="5.0.0"/><dependsOn id="hl7tx"><extension url="http://hl7.org/fhir/tools/StructureDefinition/implementationguide-dependency-comment"><valueMarkdown value="Automatically added as a dependency - all IGs depend on HL7 Terminology"/></extension><uri value="http://terminology.hl7.org/ImplementationGuide/hl7.terminology"/><packageId value="hl7.terminology.r5"/><version value="6.5.0"/></dependsOn><dependsOn id="hl7ext"><extension url="http://hl7.org/fhir/tools/StructureDefinition/implementationguide-dependency-comment"><valueMarkdown value="Automatically added as a dependency - all IGs depend on the HL7 Extension Pack"/></extension><uri value="http://hl7.org/fhir/extensions/ImplementationGuide/hl7.fhir.uv.extensions"/><packageId value="hl7.fhir.uv.extensions.r5"/><version value="5.3.0-ballot-tc1"/></dependsOn><definition><extension url="http://hl7.org/fhir/tools/StructureDefinition/ig-internal-dependency"><valueCode value="hl7.fhir.uv.tools.r5#0.7.1"/></extension><grouping id="-str-profile"><name value="Structures: Resource Profiles"/><description value="These define constraints on FHIR resources for systems conforming to this implementation guide."/></grouping><grouping id="-term-valueset"><name value="Terminology: Value Sets"/><description value="These define sets of codes used by systems conforming to this implementation guide."/></grouping><grouping id="-term-codesystem"><name value="Terminology: Code Systems"/><description value="These define new code systems used by systems conforming to this implementation guide."/></grouping><grouping id="-term-namingsystem"><name value="Terminology: Naming Systems"/><description value="These define identifier and/or code system identities used by systems conforming to this implementation guide."/></grouping><grouping id="-ex-example"><name value="Example: Example Instances"/><description value="These are example instances that show what data produced and consumed by systems conforming with this implementation guide might look like."/></grouping><resource><extension url="http://hl7.org/fhir/tools/StructureDefinition/resource-sort"><valueInteger value="999999999"/></extension><extension url="http://hl7.org/fhir/StructureDefinition/implementationguide-page"><valueUri value="StructureDefinition-encounter-ehmis.html"/></extension><reference><reference value="StructureDefinition/encounter-ehmis"/></reference><name value="Encounter for EHMIS"/><description value="Each service interaction or visit by a patient"/><isExample value="false"/><groupingId value="-str-profile"/></resource><resource><extension url="http://hl7.org/fhir/tools/StructureDefinition/resource-sort"><valueInteger value="999999999"/></extension><extension url="http://hl7.org/fhir/StructureDefinition/implementationguide-page"><valueUri value="StructureDefinition-location-ehmis.html"/></extension><reference><reference value="StructureDefinition/location-ehmis"/></reference><name value="Location Profile for EHMIS"/><description value="Healthcare delivery location (e.g., facility, ward)"/><isExample value="false"/><groupingId value="-str-profile"/></resource><resource><extension url="http://hl7.org/fhir/tools/StructureDefinition/resource-sort"><valueInteger value="999999999"/></extension><extension url="http://hl7.org/fhir/StructureDefinition/implementationguide-page"><valueUri value="StructureDefinition-patient-ehmis.html"/></extension><reference><reference value="StructureDefinition/patient-ehmis"/></reference><name value="Patient for EHMIS"/><description value="Demographics and identifiers for patients in Nepal EHMIS"/><isExample value="false"/><groupingId value="-str-profile"/></resource><resource><extension url="http://hl7.org/fhir/tools/StructureDefinition/resource-sort"><valueInteger value="999999999"/></extension><extension url="http://hl7.org/fhir/StructureDefinition/implementationguide-page"><valueUri value="StructureDefinition-practitioner-ehmis.html"/></extension><reference><reference value="StructureDefinition/practitioner-ehmis"/></reference><name value="Practitioner Profile for EHMIS"/><description value="Basic identity for health worker"/><isExample value="false"/><groupingId value="-str-profile"/></resource><resource><extension url="http://hl7.org/fhir/tools/StructureDefinition/resource-sort"><valueInteger value="999999999"/></extension><extension url="http://hl7.org/fhir/StructureDefinition/implementationguide-page"><valueUri value="StructureDefinition-practitionerrole-ehmis.html"/></extension><reference><reference value="StructureDefinition/practitionerrole-ehmis"/></reference><name value="Practitioner Role Profile for EHMIS"/><description value="Defines a practitioner's role and location"/><isExample value="false"/><groupingId value="-str-profile"/></resource><resource><extension url="http://hl7.org/fhir/tools/StructureDefinition/resource-sort"><valueInteger value="999999999"/></extension><extension url="http://hl7.org/fhir/StructureDefinition/implementationguide-page"><valueUri value="ValueSet-administrative-gender.html"/></extension><reference><reference value="ValueSet/administrative-gender"/></reference><name value="Administrative Gender"/><description value="A value set containing administrative gender codes from the FHIR core."/><isExample value="false"/><groupingId value="-term-valueset"/></resource><resource><extension url="http://hl7.org/fhir/tools/StructureDefinition/resource-sort"><valueInteger value="999999999"/></extension><extension url="http://hl7.org/fhir/StructureDefinition/implementationguide-page"><valueUri value="ValueSet-district.html"/></extension><reference><reference value="ValueSet/district"/></reference><name value="District"/><description value="All district used in administrative divisions"/><isExample value="false"/><groupingId value="-term-valueset"/></resource><resource><extension url="http://hl7.org/fhir/tools/StructureDefinition/resource-sort"><valueInteger value="999999999"/></extension><extension url="http://hl7.org/fhir/StructureDefinition/implementationguide-page"><valueUri value="ValueSet-ethnic-code.html"/></extension><reference><reference value="ValueSet/ethnic-code"/></reference><name value="Ethnic Code"/><description value="ValueSet for जाति कोड (Ethnic Codes in Nepal)"/><isExample value="false"/><groupingId value="-term-valueset"/></resource><resource><extension url="http://hl7.org/fhir/tools/StructureDefinition/resource-sort"><valueInteger value="999999999"/></extension><extension url="http://hl7.org/fhir/StructureDefinition/implementationguide-page"><valueUri value="ValueSet-localbody.html"/></extension><reference><reference value="ValueSet/localbody"/></reference><name value="LocalBody"/><description value="All LocalBody used in administrative divisions"/><isExample value="false"/><groupingId value="-term-valueset"/></resource><resource><extension url="http://hl7.org/fhir/tools/StructureDefinition/resource-sort"><valueInteger value="999999999"/></extension><extension url="http://hl7.org/fhir/StructureDefinition/implementationguide-page"><valueUri value="ValueSet-province.html"/></extension><reference><reference value="ValueSet/province"/></reference><name value="Province"/><description value="All provinces used in administrative divisions"/><isExample value="false"/><groupingId value="-term-valueset"/></resource><resource><extension url="http://hl7.org/fhir/tools/StructureDefinition/resource-sort"><valueInteger value="999999999"/></extension><extension url="http://hl7.org/fhir/StructureDefinition/implementationguide-page"><valueUri value="ValueSet-service-type.html"/></extension><reference><reference value="ValueSet/service-type"/></reference><name value="सेवाको किसिमको मान सेट"/><description value="सेवाको किसिम कोडहरू प्रयोग गर्ने मान्य सूचि।"/><isExample value="false"/><groupingId value="-term-valueset"/></resource><resource><extension url="http://hl7.org/fhir/tools/StructureDefinition/resource-sort"><valueInteger value="999999999"/></extension><extension url="http://hl7.org/fhir/StructureDefinition/implementationguide-page"><valueUri value="CodeSystem-ethnic-code.html"/></extension><reference><reference value="CodeSystem/ethnic-code"/></reference><name value="Ethnic Code"/><description value="जाति कोडहरू: दलित, जनजाती, मधेसी, मुस्लिम, ब्राह्मण/क्षेत्री, अन्य"/><isExample value="false"/><groupingId value="-term-codesystem"/></resource><resource><extension url="http://hl7.org/fhir/tools/StructureDefinition/resource-sort"><valueInteger value="999999999"/></extension><extension url="http://hl7.org/fhir/StructureDefinition/implementationguide-page"><valueUri value="CodeSystem-locations.html"/></extension><reference><reference value="CodeSystem/locations"/></reference><name value="Nepal Administrative Location Codes"/><description value="Comprehensive code system for Nepals provinces, districts, and municipalities."/><isExample value="false"/><groupingId value="-term-codesystem"/></resource><resource><extension url="http://hl7.org/fhir/tools/StructureDefinition/resource-sort"><valueInteger value="999999999"/></extension><extension url="http://hl7.org/fhir/StructureDefinition/implementationguide-page"><valueUri value="CodeSystem-service-type.html"/></extension><reference><reference value="CodeSystem/service-type"/></reference><name value="सेवाको किसिम कोड सिस्टम"/><description value="स्वास्थ्य सेवाका विभिन्न किसिमहरूको कोड सूची।"/><isExample value="false"/><groupingId value="-term-codesystem"/></resource><resource><extension url="http://hl7.org/fhir/tools/StructureDefinition/resource-sort"><valueInteger value="999999999"/></extension><extension url="http://hl7.org/fhir/StructureDefinition/implementationguide-page"><valueUri value="NamingSystem-HealthID.html"/></extension><reference><reference value="NamingSystem/HealthID"/></reference><name value="National Health ID"/><description value="The official National Health Identification Number assigned by the Government of Nepal."/><isExample value="false"/><groupingId value="-term-namingsystem"/></resource><resource><extension url="http://hl7.org/fhir/tools/StructureDefinition/resource-sort"><valueInteger value="999999999"/></extension><extension url="http://hl7.org/fhir/StructureDefinition/implementationguide-page"><valueUri value="NamingSystem-NationalID.html"/></extension><reference><reference value="NamingSystem/NationalID"/></reference><name value="National ID of the National"/><description value="The official National Identification Number assigned by the Government of Nepal."/><isExample value="false"/><groupingId value="-term-namingsystem"/></resource><resource><extension url="http://hl7.org/fhir/tools/StructureDefinition/resource-sort"><valueInteger value="999999999"/></extension><extension url="http://hl7.org/fhir/StructureDefinition/implementationguide-page"><valueUri value="Location-ExampleLocation.html"/></extension><reference><reference value="Location/ExampleLocation"/></reference><name value="Example Location for EHMIS"/><isExample value="true"/><profile value="https://hl7.hmis.gov.np/StructureDefinition/location-ehmis"/><groupingId value="-ex-example"/></resource><resource><extension url="http://hl7.org/fhir/tools/StructureDefinition/resource-sort"><valueInteger value="999999999"/></extension><extension url="http://hl7.org/fhir/StructureDefinition/implementationguide-page"><valueUri value="Patient-ExamplePatient.html"/></extension><reference><reference value="Patient/ExamplePatient"/></reference><name value="Example Patient for EHMIS"/><isExample value="true"/><profile value="https://hl7.hmis.gov.np/StructureDefinition/patient-ehmis"/><groupingId value="-ex-example"/></resource><page><sourceUrl value="toc.html"/><name value="toc.html"/><title value="Table of Contents"/><generation value="html"/><page><sourceUrl value="index.html"/><name value="index.html"/><title value="Home"/><generation value="markdown"/></page><page><sourceUrl value="codesystems.html"/><name value="codesystems.html"/><title value="Code Systems"/><generation value="markdown"/></page><page><sourceUrl value="valuesets.html"/><name value="valuesets.html"/><title value="Value Sets"/><generation value="markdown"/></page><page><sourceUrl value="identifiers.html"/><name value="identifiers.html"/><title value="Identifier Systems"/><generation value="markdown"/></page><page><sourceUrl value="external_terminologies.html"/><name value="external_terminologies.html"/><title value="External Code Systems"/><generation value="markdown"/></page><page><sourceUrl value="smart-index.html"/><name value="smart-index.html"/><title value="SMART Guidelines"/><generation value="markdown"/></page><page><sourceUrl value="health-journey.html"/><name value="health-journey.html"/><title value="Health Journey"/><generation value="markdown"/></page><page><sourceUrl value="profiles.html"/><name value="profiles.html"/><title value="Profiles"/><generation value="markdown"/></page><page><sourceUrl value="examples.html"/><name value="examples.html"/><title value="Examples"/><generation value="markdown"/></page><page><sourceUrl value="health-journey-mnch.html"/><name value="health-journey-mnch.html"/><title value="Health Journey Mnch"/><generation value="markdown"/></page><page><sourceUrl value="health-journey-immunization.html"/><name value="health-journey-immunization.html"/><title value="Health Journey Immunization"/><generation value="markdown"/></page><page><sourceUrl value="health-journey-opd.html"/><name value="health-journey-opd.html"/><title value="Health Journey Opd"/><generation value="markdown"/></page><page><sourceUrl value="artifacts.html"/><name value="artifacts.html"/><title value="Artifacts Summary"/><generation value="html"/><page><sourceUrl value="StructureDefinition-encounter-ehmis.html"/><name value="StructureDefinition-encounter-ehmis.html"/><title value="Encounter for EHMIS"/><generation value="generated"/></page><page><sourceUrl value="StructureDefinition-location-ehmis.html"/><name value="StructureDefinition-location-ehmis.html"/><title value="Location Profile for EHMIS"/><generation value="generated"/></page><page><sourceUrl value="StructureDefinition-patient-ehmis.html"/><name value="StructureDefinition-patient-ehmis.html"/><title value="Patient for EHMIS"/><generation value="generated"/></page><page><sourceUrl value="StructureDefinition-practitioner-ehmis.html"/><name value="StructureDefinition-practitioner-ehmis.html"/><title value="Practitioner Profile for EHMIS"/><generation value="generated"/></page><page><sourceUrl value="StructureDefinition-practitionerrole-ehmis.html"/><name value="StructureDefinition-practitionerrole-ehmis.html"/><title value="Practitioner Role Profile for EHMIS"/><generation value="generated"/></page><page><sourceUrl value="ValueSet-administrative-gender.html"/><name value="ValueSet-administrative-gender.html"/><title value="Administrative Gender"/><generation value="generated"/></page><page><sourceUrl value="ValueSet-district.html"/><name value="ValueSet-district.html"/><title value="District"/><generation value="generated"/></page><page><sourceUrl value="ValueSet-ethnic-code.html"/><name value="ValueSet-ethnic-code.html"/><title value="Ethnic Code"/><generation value="generated"/></page><page><sourceUrl value="ValueSet-localbody.html"/><name value="ValueSet-localbody.html"/><title value="LocalBody"/><generation value="generated"/></page><page><sourceUrl value="ValueSet-province.html"/><name value="ValueSet-province.html"/><title value="Province"/><generation value="generated"/></page><page><sourceUrl value="ValueSet-service-type.html"/><name value="ValueSet-service-type.html"/><title value="सेवाको किसिमको मान सेट"/><generation value="generated"/></page><page><sourceUrl value="CodeSystem-ethnic-code.html"/><name value="CodeSystem-ethnic-code.html"/><title value="Ethnic Code"/><generation value="generated"/></page><page><sourceUrl value="CodeSystem-locations.html"/><name value="CodeSystem-locations.html"/><title value="Nepal Administrative Location Codes"/><generation value="generated"/></page><page><sourceUrl value="CodeSystem-service-type.html"/><name value="CodeSystem-service-type.html"/><title value="सेवाको किसिम कोड सिस्टम"/><generation value="generated"/></page><page><sourceUrl value="NamingSystem-HealthID.html"/><name value="NamingSystem-HealthID.html"/><title value="National Health ID"/><generation value="generated"/></page><page><sourceUrl value="NamingSystem-NationalID.html"/><name value="NamingSystem-NationalID.html"/><title value="National ID of the National"/><generation value="generated"/></page><page><sourceUrl value="Location-ExampleLocation.html"/><name value="Location-ExampleLocation.html"/><title value="Example Location for EHMIS"/><generation value="generated"/></page><page><sourceUrl value="Patient-ExamplePatient.html"/><name value="Patient-ExamplePatient.html"/><title value="Example Patient for EHMIS"/><generation value="generated"/></page></page></page><parameter><code><system value="http://hl7.org/fhir/tools/CodeSystem/ig-parameters"/><code value="copyrightyear"/></code><value value="2025+"/></parameter><parameter><code><system value="http://hl7.org/fhir/tools/CodeSystem/ig-parameters"/><code value="releaselabel"/></code><value value="ci-build"/></parameter><parameter><code><system value="http://hl7.org/fhir/tools/CodeSystem/ig-parameters"/><code value="autoload-resources"/></code><value value="true"/></parameter><parameter><code><system value="http://hl7.org/fhir/guide-parameter-code"/><code value="path-resource"/></code><value value="input/capabilities"/></parameter><parameter><code><system value="http://hl7.org/fhir/guide-parameter-code"/><code value="path-resource"/></code><value value="input/examples"/></parameter><parameter><code><system value="http://hl7.org/fhir/guide-parameter-code"/><code value="path-resource"/></code><value value="input/extensions"/></parameter><parameter><code><system value="http://hl7.org/fhir/guide-parameter-code"/><code value="path-resource"/></code><value value="input/models"/></parameter><parameter><code><system value="http://hl7.org/fhir/guide-parameter-code"/><code value="path-resource"/></code><value value="input/operations"/></parameter><parameter><code><system value="http://hl7.org/fhir/guide-parameter-code"/><code value="path-resource"/></code><value value="input/profiles"/></parameter><parameter><code><system value="http://hl7.org/fhir/guide-parameter-code"/><code value="path-resource"/></code><value value="input/resources"/></parameter><parameter><code><system value="http://hl7.org/fhir/guide-parameter-code"/><code value="path-resource"/></code><value value="input/vocabulary"/></parameter><parameter><code><system value="http://hl7.org/fhir/guide-parameter-code"/><code value="path-resource"/></code><value value="input/maps"/></parameter><parameter><code><system value="http://hl7.org/fhir/guide-parameter-code"/><code value="path-resource"/></code><value value="input/testing"/></parameter><parameter><code><system value="http://hl7.org/fhir/guide-parameter-code"/><code value="path-resource"/></code><value value="input/history"/></parameter><parameter><code><system value="http://hl7.org/fhir/guide-parameter-code"/><code value="path-resource"/></code><value value="fsh-generated/resources"/></parameter><parameter><code><system value="http://hl7.org/fhir/guide-parameter-code"/><code value="path-pages"/></code><value value="template/config"/></parameter><parameter><code><system value="http://hl7.org/fhir/guide-parameter-code"/><code value="path-pages"/></code><value value="input/images"/></parameter><parameter><code><system value="http://hl7.org/fhir/tools/CodeSystem/ig-parameters"/><code value="path-liquid"/></code><value value="template/liquid"/></parameter><parameter><code><system value="http://hl7.org/fhir/tools/CodeSystem/ig-parameters"/><code value="path-liquid"/></code><value value="input/liquid"/></parameter><parameter><code><system value="http://hl7.org/fhir/tools/CodeSystem/ig-parameters"/><code value="path-qa"/></code><value value="temp/qa"/></parameter><parameter><code><system value="http://hl7.org/fhir/tools/CodeSystem/ig-parameters"/><code value="path-temp"/></code><value value="temp/pages"/></parameter><parameter><code><system value="http://hl7.org/fhir/tools/CodeSystem/ig-parameters"/><code value="path-output"/></code><value value="output"/></parameter><parameter><code><system value="http://hl7.org/fhir/guide-parameter-code"/><code value="path-tx-cache"/></code><value value="input-cache/txcache"/></parameter><parameter><code><system value="http://hl7.org/fhir/tools/CodeSystem/ig-parameters"/><code value="path-suppressed-warnings"/></code><value value="input/ignoreWarnings.txt"/></parameter><parameter><code><system value="http://hl7.org/fhir/tools/CodeSystem/ig-parameters"/><code value="path-history"/></code><value value="history.html"/></parameter><parameter><code><system value="http://hl7.org/fhir/tools/CodeSystem/ig-parameters"/><code value="template-html"/></code><value value="template-page.html"/></parameter><parameter><code><system value="http://hl7.org/fhir/tools/CodeSystem/ig-parameters"/><code value="template-md"/></code><value value="template-page-md.html"/></parameter><parameter><code><system value="http://hl7.org/fhir/tools/CodeSystem/ig-parameters"/><code value="apply-contact"/></code><value value="true"/></parameter><parameter><code><system value="http://hl7.org/fhir/tools/CodeSystem/ig-parameters"/><code value="apply-context"/></code><value value="true"/></parameter><parameter><code><system value="http://hl7.org/fhir/tools/CodeSystem/ig-parameters"/><code value="apply-copyright"/></code><value value="true"/></parameter><parameter><code><system value="http://hl7.org/fhir/tools/CodeSystem/ig-parameters"/><code value="apply-jurisdiction"/></code><value value="true"/></parameter><parameter><code><system value="http://hl7.org/fhir/tools/CodeSystem/ig-parameters"/><code value="apply-license"/></code><value value="true"/></parameter><parameter><code><system value="http://hl7.org/fhir/tools/CodeSystem/ig-parameters"/><code value="apply-publisher"/></code><value value="true"/></parameter><parameter><code><system value="http://hl7.org/fhir/tools/CodeSystem/ig-parameters"/><code value="apply-version"/></code><value value="true"/></parameter><parameter><code><system value="http://hl7.org/fhir/tools/CodeSystem/ig-parameters"/><code value="apply-wg"/></code><value value="true"/></parameter><parameter><code><system value="http://hl7.org/fhir/tools/CodeSystem/ig-parameters"/><code value="active-tables"/></code><value value="true"/></parameter><parameter><code><system value="http://hl7.org/fhir/tools/CodeSystem/ig-parameters"/><code value="fmm-definition"/></code><value value="http://hl7.org/fhir/versions.html#maturity"/></parameter><parameter><code><system value="http://hl7.org/fhir/tools/CodeSystem/ig-parameters"/><code value="propagate-status"/></code><value value="true"/></parameter><parameter><code><system value="http://hl7.org/fhir/tools/CodeSystem/ig-parameters"/><code value="excludelogbinaryformat"/></code><value value="true"/></parameter><parameter><code><system value="http://hl7.org/fhir/tools/CodeSystem/ig-parameters"/><code value="tabbed-snapshots"/></code><value value="true"/></parameter></definition></ImplementationGuide>