<?xml version="1.0" encoding="UTF-8"?><NamingSystem xmlns="http://hl7.org/fhir"><id value="NationalID"/><text><status value="generated"/><div xmlns="http://www.w3.org/1999/xhtml"><p class="res-header-id"><b>Generated Narrative: NamingSystem NationalID</b></p><a name="NationalID"> </a><a name="hcNationalID"> </a><h3>Summary</h3><table class="grid"><tr><td>Defining URL</td><td>https://hl7.hmis.gov.np/NamingSystem/NationalID</td></tr><tr><td>Version</td><td>0.0.1-ballot</td></tr><tr><td>Name</td><td>NationalID</td></tr><tr><td>Title</td><td>National ID of the National</td></tr><tr><td>Status</td><td>active</td></tr><tr><td>Definition</td><td><div><p>The official National Identification Number assigned by the Government of Nepal.</p>
</div></td></tr><tr><td>Publisher</td><td>Integrated Health Information Management Section</td></tr><tr><td>Copyright</td><td><div><p>Used by permission of HL7 International, all rights reserved Creative Commons License</p>
</div></td></tr></table><h3>Identifiers</h3><table class="grid"><tr><td><b>Type</b></td><td><b>Value</b></td><td><b>Preferred</b></td></tr><tr><td>Other</td><td>1234567890123456</td><td>true</td></tr><tr><td>URI</td><td>https://mofa.gov.np</td><td>true</td></tr></table></div></text><url value="https://hl7.hmis.gov.np/NamingSystem/NationalID"/><version value="0.0.1-ballot"/><name value="NationalID"/><title value="National ID of the National"/><status value="active"/><kind value="identifier"/><date value="2025-07-28"/><publisher value="Integrated Health Information Management Section"/><contact><name value="Integrated Health Information Management Section"/><telecom><system value="url"/><value value="https://hmis.gov.np"/></telecom><telecom><system value="email"/><value value="it@hmis.gov.np"/></telecom></contact><contact><name value="RC Poudel"/><telecom><system value="email"/><value value="rcpoudel@amakomaya.com"/></telecom><telecom><system value="email"/><value value="rmchndrapdl@gmail.com"/></telecom><telecom><system value="phone"/><value value="+977-9851341921"/></telecom></contact><description value="The official National Identification Number assigned by the Government of Nepal."/><jurisdiction><coding><system value="urn:iso:std:iso:3166"/><code value="NP"/><display value="Nepal"/></coding></jurisdiction><copyright value="Used by permission of HL7 International, all rights reserved Creative Commons License"/><usage value="Used to uniquely identify individuals within the National System."/><uniqueId><type value="other"/><value value="1234567890123456"/><preferred value="true"/></uniqueId><uniqueId><type value="uri"/><value value="https://mofa.gov.np"/><preferred value="true"/></uniqueId></NamingSystem>