<?xml version="1.0" encoding="UTF-8"?><ValueSet xmlns="http://hl7.org/fhir"><id value="condition-severity"/><text><status value="generated"/><div xmlns="http://www.w3.org/1999/xhtml"><p class="res-header-id"><b>Generated Narrative: ValueSet condition-severity</b></p><a name="condition-severity"> </a><a name="hccondition-severity"> </a><ul><li>Include these codes as defined in <a href="http://www.snomed.org/"><code>http://snomed.info/sct</code></a><table class="none"><tr><td style="white-space:nowrap"><b>Code</b></td><td><b>Display</b></td><td><b>ne</b></td></tr><tr><td><a href="http://snomed.info/id/24484000">24484000</a></td><td>Severe</td><td>गम्भीर / अति जोखिम</td></tr><tr><td><a href="http://snomed.info/id/6736007">6736007</a></td><td>Midgrade</td><td>मध्यम / जोखिम</td></tr><tr><td><a href="http://snomed.info/id/255604002">255604002</a></td><td>Mild</td><td>सामान्य</td></tr><tr><td><a href="http://snomed.info/id/55929007">55929007</a></td><td>Feeling irritable (finding)</td><td></td></tr><tr><td><a href="http://snomed.info/id/418107008">418107008</a></td><td>Unconscious (finding)</td><td></td></tr><tr><td><a href="http://snomed.info/id/214264003">214264003</a></td><td>Lethargy (finding)</td><td></td></tr></table></li></ul></div></text><url value="https://hl7.hmis.gov.np/ValueSet/condition-severity"/><version value="0.0.1-ballot"/><name value="ConditionSeverityVS"/><title value="Condition / Diagnosis Severity"/><status value="active"/><experimental value="false"/><date value="2025-08-14T11:08:36+05:45"/><publisher value="Integrated Health Information Management Section"/><contact><name value="Integrated Health Information Management Section"/><telecom><system value="url"/><value value="https://hmis.gov.np"/></telecom><telecom><system value="email"/><value value="it@hmis.gov.np"/></telecom></contact><contact><name value="RC Poudel"/><telecom><system value="email"/><value value="rcpoudel@amakomaya.com"/></telecom><telecom><system value="email"/><value value="rmchndrapdl@gmail.com"/></telecom><telecom><system value="phone"/><value value="+977-9851341921"/></telecom></contact><description value="Preferred value set for Condition/Diagnosis severity grading"/><jurisdiction><coding><system value="urn:iso:std:iso:3166"/><code value="NP"/><display value="Nepal"/></coding></jurisdiction><copyright value="Used by permission of HL7 International, all rights reserved Creative Commons License"/><compose><include><system value="http://snomed.info/sct"/><concept><code value="24484000"/><display value="Severe"/><designation><language value="ne"/><value value="गम्भीर / अति जोखिम"/></designation></concept><concept><code value="6736007"/><display value="Midgrade"/><designation><language value="ne"/><value value="मध्यम / जोखिम"/></designation></concept><concept><code value="255604002"/><display value="Mild"/><designation><language value="ne"/><value value="सामान्य"/></designation></concept><concept><code value="55929007"/><display value="Feeling irritable (finding)"/></concept><concept><code value="418107008"/><display value="Unconscious (finding)"/></concept><concept><code value="214264003"/><display value="Lethargy (finding)"/></concept></include></compose></ValueSet>