<?xml version="1.0" encoding="UTF-8"?><ValueSet xmlns="http://hl7.org/fhir"><id value="vaccine"/><text><status value="generated"/><div xmlns="http://www.w3.org/1999/xhtml"><p class="res-header-id"><b>Generated Narrative: ValueSet vaccine</b></p><a name="vaccine"> </a><a name="hcvaccine"> </a><ul><li>Include codes from<a href="http://www.snomed.org/"><code>http://snomed.info/sct</code></a> where concept  is-a 787859002 (Vaccine product)</li></ul></div></text><url value="https://fhir.hmis.gov.np/ValueSet/vaccine"/><version value="0.0.1-ballot"/><name value="VaccineVS"/><title value="Vaccines (SNOMED CT)"/><status value="active"/><date value="2025-08-29T16:43:44+05:45"/><publisher value="Integrated Health Information Management Section"/><contact><name value="Integrated Health Information Management Section"/><telecom><system value="url"/><value value="https://hmis.gov.np"/></telecom><telecom><system value="email"/><value value="it@hmis.gov.np"/></telecom></contact><contact><name value="RC Poudel"/><telecom><system value="email"/><value value="rcpoudel@amakomaya.com"/></telecom><telecom><system value="email"/><value value="rmchndrapdl@gmail.com"/></telecom><telecom><system value="phone"/><value value="+977-9851341921"/></telecom></contact><description value="ValueSet of routine vaccines in Nepal, based on SNOMED CT concepts."/><jurisdiction><coding><system value="urn:iso:std:iso:3166"/><code value="NP"/></coding></jurisdiction><copyright value="Used by permission of HL7 International, all rights reserved Creative Commons License"/><compose><include><system value="http://snomed.info/sct"/><filter><property value="concept"/><op value="is-a"/><value value="787859002"/></filter></include></compose></ValueSet>