<?xml version="1.0" encoding="UTF-8"?><ValueSet xmlns="http://hl7.org/fhir"><id value="marital-status"/><text><status value="generated"/><div xmlns="http://www.w3.org/1999/xhtml"><p class="res-header-id"><b>Generated Narrative: ValueSet marital-status</b></p><a name="marital-status"> </a><a name="hcmarital-status"> </a><ul><li>Include these codes as defined in <a href="http://www.snomed.org/"><code>http://snomed.info/sct</code></a><table class="none"><tr><td style="white-space:nowrap"><b>Code</b></td><td><b>Display</b></td></tr><tr><td><a href="http://snomed.info/id/473022002">473022002</a></td><td>Unmarried</td></tr><tr><td><a href="http://snomed.info/id/87915002">87915002</a></td><td>Married</td></tr><tr><td><a href="http://snomed.info/id/20295000">20295000</a></td><td>Divorced</td></tr><tr><td><a href="http://snomed.info/id/33553000">33553000</a></td><td>Widowed</td></tr><tr><td><a href="http://snomed.info/id/13184001">13184001</a></td><td>Separated</td></tr></table></li></ul></div></text><url value="https://hl7.hmis.gov.np/ValueSet/marital-status"/><version value="0.0.1-ballot"/><name value="MaritalStatusVS"/><title value="Marital Status (वैवाहिक स्थिति)"/><status value="active"/><date value="2025-08-10T13:33:39+05:45"/><publisher value="Integrated Health Information Management Section"/><contact><name value="Integrated Health Information Management Section"/><telecom><system value="url"/><value value="https://hmis.gov.np"/></telecom><telecom><system value="email"/><value value="it@hmis.gov.np"/></telecom></contact><contact><name value="RC Poudel"/><telecom><system value="email"/><value value="rcpoudel@amakomaya.com"/></telecom><telecom><system value="email"/><value value="rmchndrapdl@gmail.com"/></telecom><telecom><system value="phone"/><value value="+977-9851341921"/></telecom></contact><description value="Codes representing marital status of a person."/><jurisdiction><coding><system value="urn:iso:std:iso:3166"/><code value="NP"/><display value="Nepal"/></coding></jurisdiction><copyright value="Used by permission of HL7 International, all rights reserved Creative Commons License"/><compose><include><system value="http://snomed.info/sct"/><concept><code value="473022002"/><display value="Unmarried"/></concept><concept><code value="87915002"/><display value="Married"/></concept><concept><code value="20295000"/><display value="Divorced"/></concept><concept><code value="33553000"/><display value="Widowed"/></concept><concept><code value="13184001"/><display value="Separated"/></concept></include></compose></ValueSet>