<?xml version="1.0" encoding="UTF-8"?>

<Organization xmlns="http://hl7.org/fhir">
  <id value="organization-bhsc"/>
  <text>
    <status value="generated"/><div xmlns="http://www.w3.org/1999/xhtml"><p class="res-header-id"><b>Generated Narrative: Organization organization-bhsc</b></p><a name="organization-bhsc"> </a><a name="hcorganization-bhsc"> </a><p><b>identifier</b>: code/3060500031 (use: official, )</p><p><b>name</b>: DHAPASI HEALTH POST</p></div>
  </text>
  <identifier>
    <use value="official"/>
    <type>
      <coding>
        <system value="https://nhfr.mohp.gov.np/"/>
        <code value="code"/>
      </coding>
    </type>
    <value value="3060500031"/>
  </identifier>
  <name value="DHAPASI HEALTH POST"/>
</Organization>