<?xml version="1.0" encoding="UTF-8"?>

<Patient xmlns="http://hl7.org/fhir">
  <id value="PatientExample"/>
  <text>
    <status value="generated"/><div xmlns="http://www.w3.org/1999/xhtml"><p class="res-header-id"><b>Generated Narrative: Patient PatientExample</b></p><a name="PatientExample"> </a><a name="hcPatientExample"> </a><p style="border: 1px #661aff solid; background-color: #e6e6ff; padding: 10px;">Sandesh Shrestha  Male, DoB: 2001-05-15 ( Person System ID: SYS-001234 (use: usual, ))</p><hr/><table class="grid"><tr><td style="background-color: #f3f5da" title="Record is active">Active:</td><td colspan="3">true</td></tr><tr><td style="background-color: #f3f5da" title="Other Ids (see the one above)">Other Ids:</td><td colspan="3"><ul><li>National ID/1234567890 (use: official, )</li><li>Health ID/1234567890 (use: official, )</li><li>Custom Identifier/MD-98765 (use: secondary, )</li></ul></td></tr><tr><td style="background-color: #f3f5da" title="Ways to contact the Patient">Contact Detail</td><td colspan="3"><ul><li><a href="tel:+9779801234567">+9779801234567</a></li><li><a href="mailto:sandesh@hmis.com.np">sandesh@hmis.com.np</a></li><li>Ward No. 12, Baneshwor Tole Kathmandu District Kathmandu Metropolitan City NP </li></ul></td></tr><tr><td style="background-color: #f3f5da" title="Extension to capture जाति कोड (ethnicity) based on Nepali classification"><a href="StructureDefinition-ethnic-code.html">Ethnic Code</a></td><td colspan="3"><a href="CodeSystem-ethnic-code.html#ethnic-code-2">Ethnic Code 2</a>: Janajati</td></tr></table></div>
  </text>
  <extension url="https://hl7.hmis.gov.np/StructureDefinition/ethnic-code">
    <valueCoding>
      <system value="https://hl7.hmis.gov.np/CodeSystem/ethnic-code"/>
      <code value="2"/>
      <display value="Janajati"/>
    </valueCoding>
  </extension>
  <identifier>
    <use value="official"/>
    <type>
      <coding>
        <system value="http://terminology.hl7.org/CodeSystem/v2-0203"/>
      </coding>
      <text value="National ID"/>
    </type>
    <value value="1234567890"/>
  </identifier>
  <identifier>
    <use value="official"/>
    <type>
      <coding>
        <system value="http://terminology.hl7.org/CodeSystem/v2-0203"/>
      </coding>
      <text value="Health ID"/>
    </type>
    <value value="1234567890"/>
  </identifier>
  <identifier>
    <use value="usual"/>
    <type>
      <text value="Person System ID"/>
    </type>
    <value value="SYS-001234"/>
  </identifier>
  <identifier>
    <use value="secondary"/>
    <type>
      <text value="Custom Identifier"/>
    </type>
    <value value="MD-98765"/>
  </identifier>
  <active value="true"/>
  <name>
    <family value="Shrestha"/>
    <given value="Sandesh"/>
  </name>
  <telecom>
    <system value="phone"/>
    <value value="+9779801234567"/>
    <use value="mobile"/>
  </telecom>
  <telecom>
    <system value="email"/>
    <value value="sandesh@hmis.com.np"/>
    <use value="home"/>
  </telecom>
  <gender value="male"/>
  <birthDate value="2001-05-15"/>
  <address>
    <line value="Ward No. 12, Baneshwor Tole"/>
    <line value="Kathmandu District"/>
    <city value="Kathmandu Metropolitan City"/>
    <country value="NP"/>
  </address>
</Patient>