<?xml version="1.0" encoding="UTF-8"?>

<Patient xmlns="http://hl7.org/fhir">
  <id value="ExamplePatient"/>
  <meta>
    <profile value="https://hl7.hmis.gov.np/StructureDefinition/patient-ehmis"/>
  </meta>
  <text>
    <status value="generated"/><div xmlns="http://www.w3.org/1999/xhtml"><p class="res-header-id"><b>Generated Narrative: Patient ExamplePatient</b></p><a name="ExamplePatient"> </a><a name="hcExamplePatient"> </a><div style="display: inline-block; background-color: #d9e0e7; padding: 6px; margin: 4px; border: 1px solid #8da1b4; border-radius: 5px; line-height: 60%"><p style="margin-bottom: 0px"/><p style="margin-bottom: 0px">Profile: <a href="StructureDefinition-patient-ehmis.html">Patient Profile for EHMIS</a></p></div><p style="border: 1px #661aff solid; background-color: #e6e6ff; padding: 10px;">Sita Gurung  Female, DoB: 1992-05-14 ( P-2025-0001)</p><hr/><table class="grid"><tr><td style="background-color: #f3f5da" title="Ways to contact the Patient">Contact Detail</td><td colspan="3">House No. 123 Pokhara Gandaki Province 33700 </td></tr></table></div>
  </text>
  <identifier>
    <value value="P-2025-0001"/>
  </identifier>
  <name>
    <family value="Gurung"/>
    <given value="Sita"/>
  </name>
  <gender value="female"/>
  <birthDate value="1992-05-14"/>
  <address>
    <line value="House No. 123"/>
    <city value="Pokhara"/>
    <district value="Kaski"/>
    <state value="Gandaki Province"/>
    <postalCode value="33700"/>
  </address>
</Patient>