<?xml version="1.0" encoding="UTF-8"?>

<Patient xmlns="http://hl7.org/fhir">
  <id value="patient-child"/>
  <text>
    <status value="generated"/><div xmlns="http://www.w3.org/1999/xhtml"><p class="res-header-id"><b>Generated Narrative: Patient patient-child</b></p><a name="patient-child"> </a><a name="hcpatient-child"> </a><p style="border: 1px #661aff solid; background-color: #e6e6ff; padding: 10px;">Suman Thapa  Male, DoB: 2024-08-10 ( Person System ID: SYS-005678 (use: usual, ))</p><hr/><table class="grid"><tr><td style="background-color: #f3f5da" title="Record is active">Active:</td><td colspan="3">true</td></tr><tr><td style="background-color: #f3f5da" title="Other Ids (see the one above)">Other Ids:</td><td colspan="3"><ul><li>National ID/9876543210 (use: official, )</li><li>Health ID/9876543210 (use: official, )</li><li>Custom Identifier/MD-54321 (use: secondary, )</li></ul></td></tr><tr><td style="background-color: #f3f5da" title="Ways to contact the Patient">Contact Detail</td><td colspan="3"><ul><li><a href="tel:+9779801234567">+9779801234567</a></li><li>Ward No. 12, Baneshwor Tole Kathmandu District Kathmandu Metropolitan City NP </li></ul></td></tr></table></div>
  </text>
  <extension url="https://hl7.hmis.gov.np/StructureDefinition/ethnic-code">
    <valueCoding>
      <system value="https://hl7.hmis.gov.np/CodeSystem/ethnic-code"/>
      <code value="2"/>
      <display value="Janajati"/>
    </valueCoding>
  </extension>
  <identifier>
    <use value="official"/>
    <type>
      <coding>
        <system value="http://terminology.hl7.org/CodeSystem/v2-0203"/>
      </coding>
      <text value="National ID"/>
    </type>
    <value value="9876543210"/>
  </identifier>
  <identifier>
    <use value="official"/>
    <type>
      <coding>
        <system value="http://terminology.hl7.org/CodeSystem/v2-0203"/>
      </coding>
      <text value="Health ID"/>
    </type>
    <value value="9876543210"/>
  </identifier>
  <identifier>
    <use value="usual"/>
    <type>
      <text value="Person System ID"/>
    </type>
    <value value="SYS-005678"/>
  </identifier>
  <identifier>
    <use value="secondary"/>
    <type>
      <text value="Custom Identifier"/>
    </type>
    <value value="MD-54321"/>
  </identifier>
  <active value="true"/>
  <name>
    <family value="Thapa"/>
    <given value="Suman"/>
  </name>
  <telecom>
    <system value="phone"/>
    <value value="+9779801234567"/>
    <use value="mobile"/>
  </telecom>
  <gender value="male"/>
  <birthDate value="2024-08-10"/>
  <address>
    <line value="Ward No. 12, Baneshwor Tole"/>
    <line value="Kathmandu District"/>
    <city value="Kathmandu Metropolitan City"/>
    <country value="NP"/>
  </address>
</Patient>