[
  {
    "id" : "hl7.fhir.hmis",
    "type" : "ImplementationGuide",
    "url" : "http://fhir.hmis.gov.np/ImplementationGuide/hl7.fhir.hmis",
    "version" : "0.0.1-ballot",
    "name" : "NPCoreImplementationGuide"
  },
  {
    "id" : "ethnic-code",
    "type" : "CodeSystem",
    "url" : "https://fhir.hmis.gov.np/CodeSystem/ethnic-code",
    "version" : "0.0.1-ballot",
    "name" : "EthnicCodeCS"
  },
  {
    "id" : "facility-type",
    "type" : "CodeSystem",
    "url" : "https://fhir.hmis.gov.np/CodeSystem/facility-type",
    "version" : "0.0.1-ballot",
    "name" : "FacilityType"
  },
  {
    "id" : "free-cost",
    "type" : "CodeSystem",
    "url" : "https://fhir.hmis.gov.np/CodeSystem/free-cost",
    "version" : "0.0.1-ballot",
    "name" : "FreeCostCS"
  },
  {
    "id" : "free-service-eligibility",
    "type" : "CodeSystem",
    "url" : "https://fhir.hmis.gov.np/CodeSystem/free-service-eligibility",
    "version" : "0.0.1-ballot",
    "name" : "FreeServiceEligibilityCS"
  },
  {
    "id" : "locations",
    "type" : "CodeSystem",
    "url" : "https://fhir.hmis.gov.np/CodeSystem/locations",
    "version" : "0.0.1-ballot",
    "name" : "LocationsCS"
  },
  {
    "id" : "period-range",
    "type" : "CodeSystem",
    "url" : "https://fhir.hmis.gov.np/CodeSystem/period-range",
    "version" : "0.0.1-ballot",
    "name" : "PeriodRangeCS"
  },
  {
    "id" : "service-type",
    "type" : "CodeSystem",
    "url" : "https://fhir.hmis.gov.np/CodeSystem/service-type",
    "version" : "0.0.1-ballot",
    "name" : "ServiceTypeCS"
  },
  {
    "id" : "yes-no",
    "type" : "CodeSystem",
    "url" : "https://fhir.hmis.gov.np/CodeSystem/yes-no",
    "version" : "0.0.1-ballot",
    "name" : "YesNoCS"
  },
  {
    "id" : "HealthID",
    "type" : "NamingSystem",
    "url" : "https://fhir.hmis.gov.np/NamingSystem/HealthID",
    "version" : "0.0.1-ballot",
    "name" : "HealthID"
  },
  {
    "id" : "NationalID",
    "type" : "NamingSystem",
    "url" : "https://fhir.hmis.gov.np/NamingSystem/national-id",
    "version" : "0.0.1-ballot",
    "name" : "NepalNationalID"
  },
  {
    "id" : "NepalAddress",
    "type" : "StructureDefinition",
    "url" : "https://fhir.hmis.gov.np/StructureDefinition/NepalAddress",
    "version" : "0.0.1-ballot",
    "name" : "NepalAddressEx"
  },
  {
    "id" : "ethnic-code",
    "type" : "StructureDefinition",
    "url" : "https://fhir.hmis.gov.np/StructureDefinition/ethnic-code",
    "version" : "0.0.1-ballot",
    "name" : "EthnicCodeEx"
  },
  {
    "id" : "np-core-condition",
    "type" : "StructureDefinition",
    "url" : "https://fhir.hmis.gov.np/StructureDefinition/np-core-condition",
    "version" : "0.0.1-ballot",
    "name" : "NPCoreConditionProfile"
  },
  {
    "id" : "np-core-encounter",
    "type" : "StructureDefinition",
    "url" : "https://fhir.hmis.gov.np/StructureDefinition/np-core-encounter",
    "version" : "0.0.1-ballot",
    "name" : "NPCoreEncounterProfile"
  },
  {
    "id" : "np-core-immunization",
    "type" : "StructureDefinition",
    "url" : "https://fhir.hmis.gov.np/StructureDefinition/np-core-immunization",
    "version" : "0.0.1-ballot",
    "name" : "NPCoreImmunizationProfile"
  },
  {
    "id" : "np-core-measure",
    "type" : "StructureDefinition",
    "url" : "https://fhir.hmis.gov.np/StructureDefinition/np-core-measure",
    "version" : "0.0.1-ballot",
    "name" : "NPCoreMeasureProfile"
  },
  {
    "id" : "np-core-measure-report",
    "type" : "StructureDefinition",
    "url" : "https://fhir.hmis.gov.np/StructureDefinition/np-core-measure-report",
    "version" : "0.0.1-ballot",
    "name" : "NPCoreMeasureReportProfile"
  },
  {
    "id" : "np-core-medication-statement",
    "type" : "StructureDefinition",
    "url" : "https://fhir.hmis.gov.np/StructureDefinition/np-core-medication-statement",
    "version" : "0.0.1-ballot",
    "name" : "NPCoreMedicationStatementProfile"
  },
  {
    "id" : "np-core-observation",
    "type" : "StructureDefinition",
    "url" : "https://fhir.hmis.gov.np/StructureDefinition/np-core-observation",
    "version" : "0.0.1-ballot",
    "name" : "NPCoreObservationProfile"
  },
  {
    "id" : "np-core-organization",
    "type" : "StructureDefinition",
    "url" : "https://fhir.hmis.gov.np/StructureDefinition/np-core-organization",
    "version" : "0.0.1-ballot",
    "name" : "NPCoreOrganizationProfile"
  },
  {
    "id" : "np-core-patient",
    "type" : "StructureDefinition",
    "url" : "https://fhir.hmis.gov.np/StructureDefinition/np-core-patient",
    "version" : "0.0.1-ballot",
    "name" : "NPCorePatientProfile"
  },
  {
    "id" : "administrative-gender",
    "type" : "ValueSet",
    "url" : "https://fhir.hmis.gov.np/ValueSet/administrative-gender",
    "version" : "0.0.1-ballot",
    "name" : "AdministrativeGenderVS"
  },
  {
    "id" : "age-range",
    "type" : "ValueSet",
    "url" : "https://fhir.hmis.gov.np/ValueSet/age-range",
    "version" : "0.0.1-ballot",
    "name" : "AgeRangeVS"
  },
  {
    "id" : "condition-code",
    "type" : "ValueSet",
    "url" : "https://fhir.hmis.gov.np/ValueSet/condition-code",
    "version" : "0.0.1-ballot",
    "name" : "ConditionCodeVS"
  },
  {
    "id" : "condition-severity",
    "type" : "ValueSet",
    "url" : "https://fhir.hmis.gov.np/ValueSet/condition-severity",
    "version" : "0.0.1-ballot",
    "name" : "ConditionSeverityVS"
  },
  {
    "id" : "district",
    "type" : "ValueSet",
    "url" : "https://fhir.hmis.gov.np/ValueSet/district",
    "version" : "0.0.1-ballot",
    "name" : "DistrictVS"
  },
  {
    "id" : "educational-level",
    "type" : "ValueSet",
    "url" : "https://fhir.hmis.gov.np/ValueSet/educational-level",
    "version" : "0.0.1-ballot",
    "name" : "EducationalLevelVS"
  },
  {
    "id" : "employment-status",
    "type" : "ValueSet",
    "url" : "https://fhir.hmis.gov.np/ValueSet/employment-status",
    "version" : "0.0.1-ballot",
    "name" : "EmploymentStatusVS"
  },
  {
    "id" : "ethnic-code",
    "type" : "ValueSet",
    "url" : "https://fhir.hmis.gov.np/ValueSet/ethnic-code",
    "version" : "0.0.1-ballot",
    "name" : "EthnicCodeVS"
  },
  {
    "id" : "free-cost",
    "type" : "ValueSet",
    "url" : "https://fhir.hmis.gov.np/ValueSet/free-cost",
    "version" : "0.0.1-ballot",
    "name" : "FreeCostVS"
  },
  {
    "id" : "free-service-eligibility",
    "type" : "ValueSet",
    "url" : "https://fhir.hmis.gov.np/ValueSet/free-service-eligibility",
    "version" : "0.0.1-ballot",
    "name" : "FreeServiceEligibilityVS"
  },
  {
    "id" : "localbody",
    "type" : "ValueSet",
    "url" : "https://fhir.hmis.gov.np/ValueSet/localbody",
    "version" : "0.0.1-ballot",
    "name" : "LocalBodyVS"
  },
  {
    "id" : "marital-status",
    "type" : "ValueSet",
    "url" : "https://fhir.hmis.gov.np/ValueSet/marital-status",
    "version" : "0.0.1-ballot",
    "name" : "MaritalStatusVS"
  },
  {
    "id" : "medication",
    "type" : "ValueSet",
    "url" : "https://fhir.hmis.gov.np/ValueSet/medication",
    "version" : "0.0.1-ballot",
    "name" : "MedicationVS"
  },
  {
    "id" : "option-set-yes-no",
    "type" : "ValueSet",
    "url" : "https://fhir.hmis.gov.np/ValueSet/option-set-yes-no",
    "version" : "0.0.1-ballot",
    "name" : "OptionSetYesNoVS"
  },
  {
    "id" : "patient-registration-type",
    "type" : "ValueSet",
    "url" : "https://fhir.hmis.gov.np/ValueSet/patient-registration-type",
    "version" : "0.0.1-ballot",
    "name" : "PatientRegistrationTypeVS"
  },
  {
    "id" : "province",
    "type" : "ValueSet",
    "url" : "https://fhir.hmis.gov.np/ValueSet/province",
    "version" : "0.0.1-ballot",
    "name" : "ProvinceVS"
  },
  {
    "id" : "service-area-address",
    "type" : "ValueSet",
    "url" : "https://fhir.hmis.gov.np/ValueSet/service-area-address",
    "version" : "0.0.1-ballot",
    "name" : "ServiceAreaAddressVS"
  },
  {
    "id" : "service-type",
    "type" : "ValueSet",
    "url" : "https://fhir.hmis.gov.np/ValueSet/service-type",
    "version" : "0.0.1-ballot",
    "name" : "ServiceTypeVS"
  },
  {
    "id" : "vaccine",
    "type" : "ValueSet",
    "url" : "https://fhir.hmis.gov.np/ValueSet/vaccine",
    "version" : "0.0.1-ballot",
    "name" : "VaccineVS"
  },
  {
    "id" : "visit-ordinal",
    "type" : "ValueSet",
    "url" : "https://fhir.hmis.gov.np/ValueSet/visit-ordinal",
    "version" : "0.0.1-ballot",
    "name" : "VisitOrdinalVS"
  }
]
