{
  "resourceType" : "CodeSystem",
  "id" : "period-range",
  "text" : {
    "status" : "generated",
    "div" : "<div xmlns=\"http://www.w3.org/1999/xhtml\"><p class=\"res-header-id\"><b>Generated Narrative: CodeSystem period-range</b></p><a name=\"period-range\"> </a><a name=\"hcperiod-range\"> </a><p>This case-sensitive code system <code>https://fhir.hmis.gov.np/CodeSystem/period-range</code> defines the following codes:</p><table class=\"codes\"><tr><td style=\"white-space:nowrap\"><b>Code</b></td><td><b>Display</b></td><td><b>Definition</b></td></tr><tr><td style=\"white-space:nowrap\">P0M--P24M<a name=\"period-range-P0M--P24M\"> </a></td><td>0-23 Months</td><td>An age greater or equal to 0 and less than 24 months</td></tr><tr><td style=\"white-space:nowrap\">P24M--P60M<a name=\"period-range-P24M--P60M\"> </a></td><td>24-59 Months</td><td>An age greater or equal to 24 and less than 60 months</td></tr><tr><td style=\"white-space:nowrap\">P28D<a name=\"period-range-P28D\"> </a></td><td>Within 28 Days</td><td>Age less than or equal to 28 days</td></tr><tr><td style=\"white-space:nowrap\">P1M<a name=\"period-range-P1M\"> </a></td><td>1 Month</td><td>Age equal to 1 month</td></tr><tr><td style=\"white-space:nowrap\">P2M<a name=\"period-range-P2M\"> </a></td><td>2 Months</td><td>Age equal to 2 months</td></tr><tr><td style=\"white-space:nowrap\">P3M<a name=\"period-range-P3M\"> </a></td><td>3 Months</td><td>Age equal to 3 months</td></tr><tr><td style=\"white-space:nowrap\">P4M<a name=\"period-range-P4M\"> </a></td><td>4 Months</td><td>Age equal to 4 months</td></tr><tr><td style=\"white-space:nowrap\">P5M<a name=\"period-range-P5M\"> </a></td><td>5 Months</td><td>Age equal to 5 months</td></tr><tr><td style=\"white-space:nowrap\">P6M<a name=\"period-range-P6M\"> </a></td><td>6 Months</td><td>Age equal to 6 months</td></tr><tr><td style=\"white-space:nowrap\">P7M<a name=\"period-range-P7M\"> </a></td><td>7 Months</td><td>Age equal to 7 months</td></tr><tr><td style=\"white-space:nowrap\">P8M<a name=\"period-range-P8M\"> </a></td><td>8 Months</td><td>Age equal to 8 months</td></tr><tr><td style=\"white-space:nowrap\">P9M<a name=\"period-range-P9M\"> </a></td><td>9 Months</td><td>Age equal to 9 months</td></tr><tr><td style=\"white-space:nowrap\">P10M<a name=\"period-range-P10M\"> </a></td><td>10 Months</td><td>Age equal to 10 months</td></tr><tr><td style=\"white-space:nowrap\">P11M<a name=\"period-range-P11M\"> </a></td><td>11 Months</td><td>Age equal to 11 months</td></tr><tr><td style=\"white-space:nowrap\">P12M<a name=\"period-range-P12M\"> </a></td><td>12 Months</td><td>Age equal to 12 months</td></tr><tr><td style=\"white-space:nowrap\">P13M<a name=\"period-range-P13M\"> </a></td><td>13 Months</td><td>Age equal to 13 months</td></tr><tr><td style=\"white-space:nowrap\">P14M<a name=\"period-range-P14M\"> </a></td><td>14 Months</td><td>Age equal to 14 months</td></tr><tr><td style=\"white-space:nowrap\">P15M<a name=\"period-range-P15M\"> </a></td><td>15 Months</td><td>Age equal to 15 months</td></tr><tr><td style=\"white-space:nowrap\">P16M<a name=\"period-range-P16M\"> </a></td><td>16 Months</td><td>Age equal to 16 months</td></tr><tr><td style=\"white-space:nowrap\">P17M<a name=\"period-range-P17M\"> </a></td><td>17 Months</td><td>Age equal to 17 months</td></tr><tr><td style=\"white-space:nowrap\">P18M<a name=\"period-range-P18M\"> </a></td><td>18 Months</td><td>Age equal to 18 months</td></tr><tr><td style=\"white-space:nowrap\">P19M<a name=\"period-range-P19M\"> </a></td><td>19 Months</td><td>Age equal to 19 months</td></tr><tr><td style=\"white-space:nowrap\">P20M<a name=\"period-range-P20M\"> </a></td><td>20 Months</td><td>Age equal to 20 months</td></tr><tr><td style=\"white-space:nowrap\">P21M<a name=\"period-range-P21M\"> </a></td><td>21 Months</td><td>Age equal to 21 months</td></tr><tr><td style=\"white-space:nowrap\">P22M<a name=\"period-range-P22M\"> </a></td><td>22 Months</td><td>Age equal to 22 months</td></tr><tr><td style=\"white-space:nowrap\">P23M<a name=\"period-range-P23M\"> </a></td><td>23 Months</td><td>Age equal to 23 months</td></tr><tr><td style=\"white-space:nowrap\">P6M--P12M<a name=\"period-range-P6M--P12M\"> </a></td><td>6-11 Months</td><td>Age greater or equal to 6 months and less than 12 months</td></tr><tr><td style=\"white-space:nowrap\">P12M--P18M<a name=\"period-range-P12M--P18M\"> </a></td><td>12-17 Months</td><td>Age greater or equal to 12 months and less than 18 months</td></tr><tr><td style=\"white-space:nowrap\">P18M--P24M<a name=\"period-range-P18M--P24M\"> </a></td><td>18-23 Months</td><td>Age greater or equal to 18 months and less than 24 months</td></tr><tr><td style=\"white-space:nowrap\">P0W--P13W<a name=\"period-range-P0W--P13W\"> </a></td><td>&lt;=13 Weeks</td><td>Age less than or equal to 13 weeks</td></tr><tr><td style=\"white-space:nowrap\">P0W--P26W<a name=\"period-range-P0W--P26W\"> </a></td><td>&lt;=26 Weeks</td><td>Age less than or equal to 26 weeks</td></tr><tr><td style=\"white-space:nowrap\">P0DT0H--P2DT0H<a name=\"period-range-P0DT0H--P2DT0H\"> </a></td><td>Within 48 Hours</td><td>Age greater or equal to 0 hours and less than 48 hours</td></tr><tr><td style=\"white-space:nowrap\">P2DT0H--P1Y<a name=\"period-range-P2DT0H--P1Y\"> </a></td><td>48 Hours to 1 Year</td><td>Age greater or equal to 48 hours and less than 1 year</td></tr><tr><td style=\"white-space:nowrap\">P0D--P1D<a name=\"period-range-P0D--P1D\"> </a></td><td>Within 24 Hours of Birth</td><td>Age from birth up to less than 24 hours</td></tr><tr><td style=\"white-space:nowrap\">P0D--P3D<a name=\"period-range-P0D--P3D\"> </a></td><td>Within 3 Days Postpartum</td><td>Age from birth up to less than 3 days postpartum</td></tr><tr><td style=\"white-space:nowrap\">P7D--P14D<a name=\"period-range-P7D--P14D\"> </a></td><td>7 to 14 Days Postpartum</td><td>Age greater or equal to 7 days and less than 14 days postpartum</td></tr><tr><td style=\"white-space:nowrap\">P0D--P42D<a name=\"period-range-P0D--P42D\"> </a></td><td>Within 42 Days Postpartum</td><td>Age from birth up to less than 42 days postpartum</td></tr><tr><td style=\"white-space:nowrap\">P2DT1H--P42D<a name=\"period-range-P2DT1H--P42D\"> </a></td><td>49 Hours to 42 Days Postpartum</td><td>Age greater or equal to 49 hours and less than 42 days postpartum</td></tr></table><p><b>Additional Language Displays</b></p><table class=\"codes\"><tr><td><b>Code</b></td><td><b>English (English, en)</b></td><td><b>ne</b></td></tr><tr><td>P0M--P24M</td><td>0-23 Months</td><td>०-२३ महिना</td></tr><tr><td>P24M--P60M</td><td>24-59 Months</td><td>२४ देखि ५९ महिना</td></tr><tr><td>P28D</td><td>Within 28 Days</td><td>२८ दिन भित्र</td></tr><tr><td>P1M</td><td>1 Month</td><td>१ महिना</td></tr><tr><td>P2M</td><td>2 Months</td><td>२ महिना</td></tr><tr><td>P3M</td><td>3 Months</td><td>३ महिना</td></tr><tr><td>P4M</td><td>4 Months</td><td>४ महिना</td></tr><tr><td>P5M</td><td>5 Months</td><td>५ महिना</td></tr><tr><td>P6M</td><td>6 Months</td><td>६ महिना</td></tr><tr><td>P7M</td><td>7 Months</td><td>७ महिना</td></tr><tr><td>P8M</td><td>8 Months</td><td>८ महिना</td></tr><tr><td>P9M</td><td>9 Months</td><td>९ महिना</td></tr><tr><td>P10M</td><td>10 Months</td><td>१० महिना</td></tr><tr><td>P11M</td><td>11 Months</td><td>११ महिना</td></tr><tr><td>P12M</td><td>12 Months</td><td>१२ महिना</td></tr><tr><td>P13M</td><td>13 Months</td><td>१३ महिना</td></tr><tr><td>P14M</td><td>14 Months</td><td>१४ महिना</td></tr><tr><td>P15M</td><td>15 Months</td><td>१५ महिना</td></tr><tr><td>P16M</td><td>16 Months</td><td>१६ महिना</td></tr><tr><td>P17M</td><td>17 Months</td><td>१७ महिना</td></tr><tr><td>P18M</td><td>18 Months</td><td>१८ महिना</td></tr><tr><td>P19M</td><td>19 Months</td><td>१९ महिना</td></tr><tr><td>P20M</td><td>20 Months</td><td>२० महिना</td></tr><tr><td>P21M</td><td>21 Months</td><td>२१ महिना</td></tr><tr><td>P22M</td><td>22 Months</td><td>२२ महिना</td></tr><tr><td>P23M</td><td>23 Months</td><td>२३ महिना</td></tr><tr><td>P6M--P12M</td><td>6-11 Months</td><td>६ देखि ११ महिना</td></tr><tr><td>P12M--P18M</td><td>12-17 Months</td><td>१२ देखि १७ महिना</td></tr><tr><td>P18M--P24M</td><td>18-23 Months</td><td>१८ देखि २३ महिना</td></tr><tr><td>P0W--P13W</td><td>Up to 13 Weeks</td><td>१३ हप्ता सम्म</td></tr><tr><td>P0W--P26W</td><td>Up to 26 Weeks</td><td>२६ हप्ता सम्म</td></tr><tr><td>P0DT0H--P2DT0H</td><td>Within 48 Hours</td><td>४८ घण्टा भित्र</td></tr><tr><td>P2DT0H--P1Y</td><td>48 Hours to 1 Year</td><td>४८ घण्टा देखि १ वर्ष</td></tr><tr><td>P0D--P1D</td><td>Within 24 Hours of Birth</td><td>जन्मेको २४ घण्टामा</td></tr><tr><td>P0D--P3D</td><td>Within 3 Days Postpartum</td><td>सुत्केरीको ३ दिनमा</td></tr><tr><td>P7D--P14D</td><td>7 to 14 Days Postpartum</td><td>सुत्केरी ७ देखि १४ दिन भित्र</td></tr><tr><td>P0D--P42D</td><td>Within 42 Days Postpartum</td><td>सुत्केरीको ४२ दिनमा</td></tr><tr><td>P2DT1H--P42D</td><td>49 Hours to 42 Days Postpartum</td><td>सुत्केरी भएको ४९ घण्टा देखि ४२ दिन भित्र</td></tr></table></div>"
  },
  "url" : "https://fhir.hmis.gov.np/CodeSystem/period-range",
  "version" : "0.0.1-ballot",
  "name" : "PeriodRangeCS",
  "title" : "Period Range",
  "status" : "active",
  "experimental" : false,
  "date" : "2025-08-31T08:04:43+05:45",
  "publisher" : "Integrated Health Information Management Section",
  "contact" : [{
    "name" : "Integrated Health Information Management Section",
    "telecom" : [{
      "system" : "url",
      "value" : "https://hmis.gov.np"
    },
    {
      "system" : "email",
      "value" : "it@hmis.gov.np"
    }]
  },
  {
    "name" : "RC Poudel",
    "telecom" : [{
      "system" : "email",
      "value" : "rcpoudel@amakomaya.com"
    },
    {
      "system" : "email",
      "value" : "rmchndrapdl@gmail.com"
    },
    {
      "system" : "phone",
      "value" : "+977-9851341921"
    }]
  }],
  "description" : "HMIS period ranges codes based on IHE ADX Range Coding System. \nReference: IHE QRPH Supplement ADX, CP-QRPH-238, https://www.ihe.net/uploadedFiles/Documents/QRPH/IHE_QRPH_Suppl_ADX.pdf#page=78\n\nDurations define the amount if an intervening time between two time points. These durations are represented in the form P[n]Y[n]M[n]DT[n]H[n]M[n]S or P[n]W. The [n] is replaced by the value for each of the time elements that follow the [n] and the letters have the meaning:\n\nP is the duration designator (for period) placed at the start of the duration representation.\nY is the year designator that follows the value for the number of years.\nM is the month designator that follows the value for the number of months.\nW is the week designator that follows the value for the number of weeks.\nD is the day designator that follows the value for the number of days.\nT is the time designator that precedes the time components of the representation.\nH is the hour designator that follows the value for the number of hours.\nM is the minute designator that follows the value for the number of minutes.\nS is the second designator that follows the value for the number of seconds.",
  "jurisdiction" : [{
    "coding" : [{
      "system" : "urn:iso:std:iso:3166",
      "code" : "NP"
    }]
  }],
  "copyright" : "Used by permission of HL7 International, all rights reserved Creative Commons License",
  "caseSensitive" : true,
  "content" : "complete",
  "count" : 38,
  "concept" : [{
    "code" : "P0M--P24M",
    "display" : "0-23 Months",
    "definition" : "An age greater or equal to 0 and less than 24 months",
    "designation" : [{
      "language" : "en",
      "value" : "0-23 Months"
    },
    {
      "language" : "ne-NP",
      "value" : "०-२३ महिना"
    }]
  },
  {
    "code" : "P24M--P60M",
    "display" : "24-59 Months",
    "definition" : "An age greater or equal to 24 and less than 60 months",
    "designation" : [{
      "language" : "en",
      "value" : "24-59 Months"
    },
    {
      "language" : "ne-NP",
      "value" : "२४ देखि ५९ महिना"
    }]
  },
  {
    "code" : "P28D",
    "display" : "Within 28 Days",
    "definition" : "Age less than or equal to 28 days",
    "designation" : [{
      "language" : "en",
      "value" : "Within 28 Days"
    },
    {
      "language" : "ne-NP",
      "value" : "२८ दिन भित्र"
    }]
  },
  {
    "code" : "P1M",
    "display" : "1 Month",
    "definition" : "Age equal to 1 month",
    "designation" : [{
      "language" : "en",
      "value" : "1 Month"
    },
    {
      "language" : "ne-NP",
      "value" : "१ महिना"
    }]
  },
  {
    "code" : "P2M",
    "display" : "2 Months",
    "definition" : "Age equal to 2 months",
    "designation" : [{
      "language" : "en",
      "value" : "2 Months"
    },
    {
      "language" : "ne-NP",
      "value" : "२ महिना"
    }]
  },
  {
    "code" : "P3M",
    "display" : "3 Months",
    "definition" : "Age equal to 3 months",
    "designation" : [{
      "language" : "en",
      "value" : "3 Months"
    },
    {
      "language" : "ne-NP",
      "value" : "३ महिना"
    }]
  },
  {
    "code" : "P4M",
    "display" : "4 Months",
    "definition" : "Age equal to 4 months",
    "designation" : [{
      "language" : "en",
      "value" : "4 Months"
    },
    {
      "language" : "ne-NP",
      "value" : "४ महिना"
    }]
  },
  {
    "code" : "P5M",
    "display" : "5 Months",
    "definition" : "Age equal to 5 months",
    "designation" : [{
      "language" : "en",
      "value" : "5 Months"
    },
    {
      "language" : "ne-NP",
      "value" : "५ महिना"
    }]
  },
  {
    "code" : "P6M",
    "display" : "6 Months",
    "definition" : "Age equal to 6 months",
    "designation" : [{
      "language" : "en",
      "value" : "6 Months"
    },
    {
      "language" : "ne-NP",
      "value" : "६ महिना"
    }]
  },
  {
    "code" : "P7M",
    "display" : "7 Months",
    "definition" : "Age equal to 7 months",
    "designation" : [{
      "language" : "en",
      "value" : "7 Months"
    },
    {
      "language" : "ne-NP",
      "value" : "७ महिना"
    }]
  },
  {
    "code" : "P8M",
    "display" : "8 Months",
    "definition" : "Age equal to 8 months",
    "designation" : [{
      "language" : "en",
      "value" : "8 Months"
    },
    {
      "language" : "ne-NP",
      "value" : "८ महिना"
    }]
  },
  {
    "code" : "P9M",
    "display" : "9 Months",
    "definition" : "Age equal to 9 months",
    "designation" : [{
      "language" : "en",
      "value" : "9 Months"
    },
    {
      "language" : "ne-NP",
      "value" : "९ महिना"
    }]
  },
  {
    "code" : "P10M",
    "display" : "10 Months",
    "definition" : "Age equal to 10 months",
    "designation" : [{
      "language" : "en",
      "value" : "10 Months"
    },
    {
      "language" : "ne-NP",
      "value" : "१० महिना"
    }]
  },
  {
    "code" : "P11M",
    "display" : "11 Months",
    "definition" : "Age equal to 11 months",
    "designation" : [{
      "language" : "en",
      "value" : "11 Months"
    },
    {
      "language" : "ne-NP",
      "value" : "११ महिना"
    }]
  },
  {
    "code" : "P12M",
    "display" : "12 Months",
    "definition" : "Age equal to 12 months",
    "designation" : [{
      "language" : "en",
      "value" : "12 Months"
    },
    {
      "language" : "ne-NP",
      "value" : "१२ महिना"
    }]
  },
  {
    "code" : "P13M",
    "display" : "13 Months",
    "definition" : "Age equal to 13 months",
    "designation" : [{
      "language" : "en",
      "value" : "13 Months"
    },
    {
      "language" : "ne-NP",
      "value" : "१३ महिना"
    }]
  },
  {
    "code" : "P14M",
    "display" : "14 Months",
    "definition" : "Age equal to 14 months",
    "designation" : [{
      "language" : "en",
      "value" : "14 Months"
    },
    {
      "language" : "ne-NP",
      "value" : "१४ महिना"
    }]
  },
  {
    "code" : "P15M",
    "display" : "15 Months",
    "definition" : "Age equal to 15 months",
    "designation" : [{
      "language" : "en",
      "value" : "15 Months"
    },
    {
      "language" : "ne-NP",
      "value" : "१५ महिना"
    }]
  },
  {
    "code" : "P16M",
    "display" : "16 Months",
    "definition" : "Age equal to 16 months",
    "designation" : [{
      "language" : "en",
      "value" : "16 Months"
    },
    {
      "language" : "ne-NP",
      "value" : "१६ महिना"
    }]
  },
  {
    "code" : "P17M",
    "display" : "17 Months",
    "definition" : "Age equal to 17 months",
    "designation" : [{
      "language" : "en",
      "value" : "17 Months"
    },
    {
      "language" : "ne-NP",
      "value" : "१७ महिना"
    }]
  },
  {
    "code" : "P18M",
    "display" : "18 Months",
    "definition" : "Age equal to 18 months",
    "designation" : [{
      "language" : "en",
      "value" : "18 Months"
    },
    {
      "language" : "ne-NP",
      "value" : "१८ महिना"
    }]
  },
  {
    "code" : "P19M",
    "display" : "19 Months",
    "definition" : "Age equal to 19 months",
    "designation" : [{
      "language" : "en",
      "value" : "19 Months"
    },
    {
      "language" : "ne-NP",
      "value" : "१९ महिना"
    }]
  },
  {
    "code" : "P20M",
    "display" : "20 Months",
    "definition" : "Age equal to 20 months",
    "designation" : [{
      "language" : "en",
      "value" : "20 Months"
    },
    {
      "language" : "ne-NP",
      "value" : "२० महिना"
    }]
  },
  {
    "code" : "P21M",
    "display" : "21 Months",
    "definition" : "Age equal to 21 months",
    "designation" : [{
      "language" : "en",
      "value" : "21 Months"
    },
    {
      "language" : "ne-NP",
      "value" : "२१ महिना"
    }]
  },
  {
    "code" : "P22M",
    "display" : "22 Months",
    "definition" : "Age equal to 22 months",
    "designation" : [{
      "language" : "en",
      "value" : "22 Months"
    },
    {
      "language" : "ne-NP",
      "value" : "२२ महिना"
    }]
  },
  {
    "code" : "P23M",
    "display" : "23 Months",
    "definition" : "Age equal to 23 months",
    "designation" : [{
      "language" : "en",
      "value" : "23 Months"
    },
    {
      "language" : "ne-NP",
      "value" : "२३ महिना"
    }]
  },
  {
    "code" : "P6M--P12M",
    "display" : "6-11 Months",
    "definition" : "Age greater or equal to 6 months and less than 12 months",
    "designation" : [{
      "language" : "en",
      "value" : "6-11 Months"
    },
    {
      "language" : "ne-NP",
      "value" : "६ देखि ११ महिना"
    }]
  },
  {
    "code" : "P12M--P18M",
    "display" : "12-17 Months",
    "definition" : "Age greater or equal to 12 months and less than 18 months",
    "designation" : [{
      "language" : "en",
      "value" : "12-17 Months"
    },
    {
      "language" : "ne-NP",
      "value" : "१२ देखि १७ महिना"
    }]
  },
  {
    "code" : "P18M--P24M",
    "display" : "18-23 Months",
    "definition" : "Age greater or equal to 18 months and less than 24 months",
    "designation" : [{
      "language" : "en",
      "value" : "18-23 Months"
    },
    {
      "language" : "ne-NP",
      "value" : "१८ देखि २३ महिना"
    }]
  },
  {
    "code" : "P0W--P13W",
    "display" : "<=13 Weeks",
    "definition" : "Age less than or equal to 13 weeks",
    "designation" : [{
      "language" : "en",
      "value" : "Up to 13 Weeks"
    },
    {
      "language" : "ne-NP",
      "value" : "१३ हप्ता सम्म"
    }]
  },
  {
    "code" : "P0W--P26W",
    "display" : "<=26 Weeks",
    "definition" : "Age less than or equal to 26 weeks",
    "designation" : [{
      "language" : "en",
      "value" : "Up to 26 Weeks"
    },
    {
      "language" : "ne-NP",
      "value" : "२६ हप्ता सम्म"
    }]
  },
  {
    "code" : "P0DT0H--P2DT0H",
    "display" : "Within 48 Hours",
    "definition" : "Age greater or equal to 0 hours and less than 48 hours",
    "designation" : [{
      "language" : "en",
      "value" : "Within 48 Hours"
    },
    {
      "language" : "ne-NP",
      "value" : "४८ घण्टा भित्र"
    }]
  },
  {
    "code" : "P2DT0H--P1Y",
    "display" : "48 Hours to 1 Year",
    "definition" : "Age greater or equal to 48 hours and less than 1 year",
    "designation" : [{
      "language" : "en",
      "value" : "48 Hours to 1 Year"
    },
    {
      "language" : "ne-NP",
      "value" : "४८ घण्टा देखि १ वर्ष"
    }]
  },
  {
    "code" : "P0D--P1D",
    "display" : "Within 24 Hours of Birth",
    "definition" : "Age from birth up to less than 24 hours",
    "designation" : [{
      "language" : "en",
      "value" : "Within 24 Hours of Birth"
    },
    {
      "language" : "ne-NP",
      "value" : "जन्मेको २४ घण्टामा"
    }]
  },
  {
    "code" : "P0D--P3D",
    "display" : "Within 3 Days Postpartum",
    "definition" : "Age from birth up to less than 3 days postpartum",
    "designation" : [{
      "language" : "en",
      "value" : "Within 3 Days Postpartum"
    },
    {
      "language" : "ne-NP",
      "value" : "सुत्केरीको ३ दिनमा"
    }]
  },
  {
    "code" : "P7D--P14D",
    "display" : "7 to 14 Days Postpartum",
    "definition" : "Age greater or equal to 7 days and less than 14 days postpartum",
    "designation" : [{
      "language" : "en",
      "value" : "7 to 14 Days Postpartum"
    },
    {
      "language" : "ne-NP",
      "value" : "सुत्केरी ७ देखि १४ दिन भित्र"
    }]
  },
  {
    "code" : "P0D--P42D",
    "display" : "Within 42 Days Postpartum",
    "definition" : "Age from birth up to less than 42 days postpartum",
    "designation" : [{
      "language" : "en",
      "value" : "Within 42 Days Postpartum"
    },
    {
      "language" : "ne-NP",
      "value" : "सुत्केरीको ४२ दिनमा"
    }]
  },
  {
    "code" : "P2DT1H--P42D",
    "display" : "49 Hours to 42 Days Postpartum",
    "definition" : "Age greater or equal to 49 hours and less than 42 days postpartum",
    "designation" : [{
      "language" : "en",
      "value" : "49 Hours to 42 Days Postpartum"
    },
    {
      "language" : "ne-NP",
      "value" : "सुत्केरी भएको ४९ घण्टा देखि ४२ दिन भित्र"
    }]
  }]
}