{
  "codeSystems" : [
    {
      "url" : "http://hl7.org/fhir/administrative-gender",
      "version" : "5.0.0",
      "status" : "active",
      "name" : "AdministrativeGender",
      "title" : "AdministrativeGender",
      "description" : "The gender of a person used for administrative purposes.",
      "oids" : ["2.16.840.1.113883.4.642.4.2"],
      "uses" : {
      },
      "ConceptMap-AdministrativeGenderCM.html" : "HL7 Administrative Gender to SNOMED CT",
      "ValueSet-administrative-gender.html" : "Administrative Gender"
    },
    {
      "url" : "http://terminology.hl7.org/CodeSystem/v2-0532",
      "version" : "2.0.0",
      "status" : "active",
      "name" : "ExpandedYesNoIndicator",
      "title" : "expandedYes-NoIndicator",
      "description" : "HL7-defined code system of concepts used to specify an expansion on the original Yes/No indicator table by including \"flavors of null\".  It is intended to be applied to fields where the response is not limited to \"yes\" or \"no\".  Used in numerous locations in HL7 Version 2.x messaging.",
      "oids" : ["2.16.840.1.113883.18.347"],
      "uses" : {
      },
      "ValueSet-yes-no.html" : "Option Set - Yes / No / Yes-only / Don't know / Not applicable",
      "ConceptMap-YesNoCM.html" : "Yes / No Concept Map"
    },
    {
      "url" : "https://fhir.hmis.gov.np/CodeSystem/ethnic-code",
      "version" : "0.0.1-ballot",
      "status" : "active",
      "name" : "EthnicCodeCS",
      "title" : "Ethnic Code",
      "description" : "जाति कोडहरू: दलित, जनजाती, मधेसी, मुस्लिम, ब्राह्मण/क्षेत्री, अन्य",
      "uses" : {
      },
      "ValueSet-ethnic-code.html" : "Ethnic Code"
    },
    {
      "url" : "https://fhir.hmis.gov.np/CodeSystem/free-cost",
      "version" : "0.0.1-ballot",
      "status" : "active",
      "name" : "FreeCostCS",
      "title" : "निशुल्क/शुल्क रू",
      "description" : "निशुल्क/शुल्क रू",
      "uses" : {
      },
      "ValueSet-free-cost.html" : "Free Cost"
    },
    {
      "url" : "https://fhir.hmis.gov.np/CodeSystem/free-service-eligibility",
      "version" : "0.0.1-ballot",
      "status" : "active",
      "name" : "FreeServiceEligibilityCS",
      "title" : "Free Service Eligibility",
      "description" : "Categories of individuals eligible for free health services (निशुल्क सेवा कोड)",
      "uses" : {
      },
      "ValueSet-free-service-eligibility.html" : "Free Service Eligibility"
    },
    {
      "url" : "https://fhir.hmis.gov.np/CodeSystem/locations",
      "version" : "0.0.1-ballot",
      "status" : "active",
      "name" : "LocationsCS",
      "title" : "Nepal Administrative Location Codes",
      "description" : "Comprehensive code system for Nepals provinces, districts, and municipalities.",
      "uses" : {
      },
      "ValueSet-province.html" : "Province",
      "ValueSet-district.html" : "District",
      "ValueSet-localbody.html" : "LocalBody"
    },
    {
      "url" : "https://fhir.hmis.gov.np/CodeSystem/period-range",
      "version" : "0.0.1-ballot",
      "status" : "active",
      "name" : "PeriodRangeCS",
      "title" : "Period Range",
      "description" : "HMIS period ranges codes based on IHE ADX Range Coding System. \nReference: IHE QRPH Supplement ADX, CP-QRPH-238, https://www.ihe.net/uploadedFiles/Documents/QRPH/IHE_QRPH_Suppl_ADX.pdf#page=78\n\nDurations define the amount if an intervening time between two time points. These durations are represented in the form P[n]Y[n]M[n]DT[n]H[n]M[n]S or P[n]W. The [n] is replaced by the value for each of the time elements that follow the [n] and the letters have the meaning:\n\nP is the duration designator (for period) placed at the start of the duration representation.\nY is the year designator that follows the value for the number of years.\nM is the month designator that follows the value for the number of months.\nW is the week designator that follows the value for the number of weeks.\nD is the day designator that follows the value for the number of days.\nT is the time designator that precedes the time components of the representation.\nH is the hour designator that follows the value for the number of hours.\nM is the minute designator that follows the value for the number of minutes.\nS is the second designator that follows the value for the number of seconds.",
      "uses" : {
      },
      "ValueSet-age-range.html" : "Age Range"
    },
    {
      "url" : "https://fhir.hmis.gov.np/CodeSystem/service-type",
      "version" : "0.0.1-ballot",
      "status" : "active",
      "name" : "ServiceTypeCS",
      "title" : "सेवाको किसिम कोड सिस्टम",
      "description" : "स्वास्थ्य सेवाका विभिन्न किसिमहरूको कोड सूची",
      "uses" : {
      },
      "ValueSet-service-type.html" : "Service Type"
    }
  ]
}
