<?xml version="1.0" encoding="UTF-8"?>

<CodeSystem xmlns="http://hl7.org/fhir">
  <id value="free-service-eligibility"/>
  <text>
    <status value="generated"/><div xmlns="http://www.w3.org/1999/xhtml"><p class="res-header-id"><b>Generated Narrative: CodeSystem free-service-eligibility</b></p><a name="free-service-eligibility"> </a><a name="hcfree-service-eligibility"> </a><p>This case-sensitive code system <code>https://fhir.hmis.gov.np/CodeSystem/free-service-eligibility</code> defines the following codes:</p><table class="codes"><tr><td style="white-space:nowrap"><b>Code</b></td><td><b>Display</b></td><td><b>ne</b></td></tr><tr><td style="white-space:nowrap">poor<a name="free-service-eligibility-poor"> </a></td><td>Extremely Poor / Poor</td><td>अति गरिव/गरिव</td></tr><tr><td style="white-space:nowrap">helpless<a name="free-service-eligibility-helpless"> </a></td><td>Helpless</td><td>असहाय</td></tr><tr><td style="white-space:nowrap">disabled<a name="free-service-eligibility-disabled"> </a></td><td>Person with Disability</td><td>अपांग</td></tr><tr><td style="white-space:nowrap">senior<a name="free-service-eligibility-senior"> </a></td><td>Senior Citizen</td><td>जेष्ठ नागरिक</td></tr><tr><td style="white-space:nowrap">female-health-volunteer<a name="free-service-eligibility-female-health-volunteer"> </a></td><td>Female Community Health Volunteer</td><td>म.स्वा.स्व.से.</td></tr><tr><td style="white-space:nowrap">other<a name="free-service-eligibility-other"> </a></td><td>Other</td><td>अन्य</td></tr></table></div>
  </text>
  <url value="https://fhir.hmis.gov.np/CodeSystem/free-service-eligibility"/>
  <version value="0.0.1-ballot"/>
  <name value="FreeServiceEligibilityCS"/>
  <title value="Free Service Eligibility"/>
  <status value="active"/>
  <date value="2025-08-14T18:06:03+05:45"/>
  <publisher value="Integrated Health Information Management Section"/>
  <contact>
    <name value="Integrated Health Information Management Section"/>
    <telecom>
      <system value="url"/>
      <value value="https://hmis.gov.np"/>
    </telecom>
    <telecom>
      <system value="email"/>
      <value value="it@hmis.gov.np"/>
    </telecom>
  </contact>
  <contact>
    <name value="RC Poudel"/>
    <telecom>
      <system value="email"/>
      <value value="rcpoudel@amakomaya.com"/>
    </telecom>
    <telecom>
      <system value="email"/>
      <value value="rmchndrapdl@gmail.com"/>
    </telecom>
    <telecom>
      <system value="phone"/>
      <value value="+977-9851341921"/>
    </telecom>
  </contact>
  <description value="Categories of individuals eligible for free health services (निशुल्क सेवा कोड)"/>
  <jurisdiction>
    <coding>
      <system value="urn:iso:std:iso:3166"/>
      <code value="NP"/>
      <display value="Nepal"/>
    </coding>
  </jurisdiction>
  <copyright value="Used by permission of HL7 International, all rights reserved Creative Commons License"/>
  <caseSensitive value="true"/>
  <content value="complete"/>
  <count value="6"/>
  <concept>
    <code value="poor"/>
    <display value="Extremely Poor / Poor"/>
    <designation>
      <language value="ne"/>
      <value value="अति गरिव/गरिव"/>
    </designation>
  </concept>
  <concept>
    <code value="helpless"/>
    <display value="Helpless"/>
    <designation>
      <language value="ne"/>
      <value value="असहाय"/>
    </designation>
  </concept>
  <concept>
    <code value="disabled"/>
    <display value="Person with Disability"/>
    <designation>
      <language value="ne"/>
      <value value="अपांग"/>
    </designation>
  </concept>
  <concept>
    <code value="senior"/>
    <display value="Senior Citizen"/>
    <designation>
      <language value="ne"/>
      <value value="जेष्ठ नागरिक"/>
    </designation>
  </concept>
  <concept>
    <code value="female-health-volunteer"/>
    <display value="Female Community Health Volunteer"/>
    <designation>
      <language value="ne"/>
      <value value="म.स्वा.स्व.से."/>
    </designation>
  </concept>
  <concept>
    <code value="other"/>
    <display value="Other"/>
    <designation>
      <language value="ne"/>
      <value value="अन्य"/>
    </designation>
  </concept>
</CodeSystem>