<?xml version="1.0" encoding="UTF-8"?>

<CodeSystem xmlns="http://hl7.org/fhir">
  <id value="service-type"/>
  <text>
    <status value="generated"/><div xmlns="http://www.w3.org/1999/xhtml"><p class="res-header-id"><b>Generated Narrative: CodeSystem service-type</b></p><a name="service-type"> </a><a name="hcservice-type"> </a><p>This case-sensitive code system <code>https://hl7.hmis.gov.np/CodeSystem/service-type</code> defines the following codes:</p><table class="codes"><tr><td style="white-space:nowrap"><b>Code</b></td><td><b>Display</b></td><td><b>ne</b></td></tr><tr><td style="white-space:nowrap">1<a name="service-type-1"> </a></td><td>General Care</td><td>सामान्य उपचार</td></tr><tr><td style="white-space:nowrap">2<a name="service-type-2"> </a></td><td>IMNCI</td><td>IMNCI</td></tr><tr><td style="white-space:nowrap">3<a name="service-type-3"> </a></td><td>Nutrition</td><td>पोषण</td></tr><tr><td style="white-space:nowrap">4<a name="service-type-4"> </a></td><td>Safe Motherhood</td><td>सुरक्षित मातृत्व</td></tr><tr><td style="white-space:nowrap">5<a name="service-type-5"> </a></td><td>Family Planning</td><td>परिवार नियोजन</td></tr><tr><td style="white-space:nowrap">6<a name="service-type-6"> </a></td><td>Tuberculosis</td><td>क्षयरोग</td></tr><tr><td style="white-space:nowrap">7<a name="service-type-7"> </a></td><td>Leprosy</td><td>कुष्ठरोग</td></tr><tr><td style="white-space:nowrap">8<a name="service-type-8"> </a></td><td>Vector-borne Disease</td><td>कीटजन्य रोग</td></tr><tr><td style="white-space:nowrap">9<a name="service-type-9"> </a></td><td>Sexually Transmitted Disease</td><td>यौनरोग</td></tr><tr><td style="white-space:nowrap">10<a name="service-type-10"> </a></td><td>Non-communicable Disease</td><td>नसर्ने रोग</td></tr><tr><td style="white-space:nowrap">11<a name="service-type-11"> </a></td><td>Other (Specify)</td><td>अन्य (खुलाउने)</td></tr></table></div>
  </text>
  <url value="https://hl7.hmis.gov.np/CodeSystem/service-type"/>
  <version value="1.0.1"/>
  <name value="ServiceTypeCS"/>
  <title value="सेवाको किसिम कोड सिस्टम"/>
  <status value="active"/>
  <date value="2025-08-06T16:26:51+05:45"/>
  <publisher value="Integrated Health Information Management Section"/>
  <contact>
    <name value="Integrated Health Information Management Section"/>
    <telecom>
      <system value="url"/>
      <value value="https://hmis.gov.np"/>
    </telecom>
    <telecom>
      <system value="email"/>
      <value value="it@hmis.gov.np"/>
    </telecom>
  </contact>
  <contact>
    <name value="RC Poudel"/>
    <telecom>
      <system value="email"/>
      <value value="rcpoudel@amakomaya.com"/>
      <use value="work"/>
    </telecom>
  </contact>
  <description value="स्वास्थ्य सेवाका विभिन्न किसिमहरूको कोड सूची।"/>
  <jurisdiction>
    <coding>
      <system value="urn:iso:std:iso:3166"/>
      <code value="NP"/>
      <display value="Nepal"/>
    </coding>
  </jurisdiction>
  <copyright value="Used by permission of HL7 International, all rights reserved Creative Commons License"/>
  <caseSensitive value="true"/>
  <content value="complete"/>
  <count value="11"/>
  <concept>
    <code value="1"/>
    <display value="General Care"/>
    <designation>
      <language value="ne"/>
      <value value="सामान्य उपचार"/>
    </designation>
  </concept>
  <concept>
    <code value="2"/>
    <display value="IMNCI"/>
    <designation>
      <language value="ne"/>
      <value value="IMNCI"/>
    </designation>
  </concept>
  <concept>
    <code value="3"/>
    <display value="Nutrition"/>
    <designation>
      <language value="ne"/>
      <value value="पोषण"/>
    </designation>
  </concept>
  <concept>
    <code value="4"/>
    <display value="Safe Motherhood"/>
    <designation>
      <language value="ne"/>
      <value value="सुरक्षित मातृत्व"/>
    </designation>
  </concept>
  <concept>
    <code value="5"/>
    <display value="Family Planning"/>
    <designation>
      <language value="ne"/>
      <value value="परिवार नियोजन"/>
    </designation>
  </concept>
  <concept>
    <code value="6"/>
    <display value="Tuberculosis"/>
    <designation>
      <language value="ne"/>
      <value value="क्षयरोग"/>
    </designation>
  </concept>
  <concept>
    <code value="7"/>
    <display value="Leprosy"/>
    <designation>
      <language value="ne"/>
      <value value="कुष्ठरोग"/>
    </designation>
  </concept>
  <concept>
    <code value="8"/>
    <display value="Vector-borne Disease"/>
    <designation>
      <language value="ne"/>
      <value value="कीटजन्य रोग"/>
    </designation>
  </concept>
  <concept>
    <code value="9"/>
    <display value="Sexually Transmitted Disease"/>
    <designation>
      <language value="ne"/>
      <value value="यौनरोग"/>
    </designation>
  </concept>
  <concept>
    <code value="10"/>
    <display value="Non-communicable Disease"/>
    <designation>
      <language value="ne"/>
      <value value="नसर्ने रोग"/>
    </designation>
  </concept>
  <concept>
    <code value="11"/>
    <display value="Other (Specify)"/>
    <designation>
      <language value="ne"/>
      <value value="अन्य (खुलाउने)"/>
    </designation>
  </concept>
</CodeSystem>