URL,Version,Status,OIDs,Name,Title,Description,Used
http://hl7.org/fhir/administrative-gender,5.0.0,active,"2.16.840.1.113883.4.642.4.2",AdministrativeGender,AdministrativeGender,"The gender of a person used for administrative purposes.","ValueSet/administrative-gender"
http://loinc.org,3.1.0,active,"2.16.840.1.113883.6.1",LOINC,Logical Observation Identifiers, Names and Codes (LOINC),"LOINC provides a set of universal names and ID codes for identifying laboratory and clinical test results.1,2 LOINC facilitates the exchange and pooling of results, such as blood hemoglobin, serum potassium, or vital signs, for clinical care, outcomes management, and research. LOINC's universal identifiers (names and codes) can be used in the context of order and observation exchanges between information systems that use syntax standards such as HL73, CEN TC251, ISO TC215, ASTM4, and DICOM. Specifically, the identifier can be used as the coded value for an observation in any other standard that uses the observation/observation value paradigm, whether messages, documents, application programming interface (API), etc. For example, LOINC codes are used widely in the OBX segment Observation Identifier field (OBX-3) of an ORU HL7 (HL7 version 2.x or ASTM 1238-9410) message that may be sent between a Clinical Laboratory Information Management Systems (LIMS) and Electronic Health Record Systems (EHR).5, 6 In this way, LOINC codes provide universal identifiers that allow the exchange of clinical data between heterogeneous computing environments.","ValueSet/observation-codes"
http://terminology.hl7.org/CodeSystem/v2-0532,2.0.0,active,"2.16.840.1.113883.18.347",ExpandedYesNoIndicator,expandedYes-NoIndicator,"HL7-defined code system of concepts used to specify an expansion on the original Yes/No indicator table by including ""flavors of null"".  It is intended to be applied to fields where the response is not limited to ""yes"" or ""no"".  Used in numerous locations in HL7 Version 2.x messaging.","ValueSet/option-set-yes-no"
https://fhir.hmis.gov.np/CodeSystem/ethnic-code,0.0.1-ballot,active,,EthnicCodeCS,Ethnic Code,"जाति कोडहरू: दलित, जनजाती, मधेसी, मुस्लिम, ब्राह्मण/क्षेत्री, अन्य","ValueSet/ethnic-code"
https://fhir.hmis.gov.np/CodeSystem/free-cost,0.0.1-ballot,active,,FreeCostCS,निशुल्क/शुल्क रू,"निशुल्क/शुल्क रू","ValueSet/free-cost"
https://fhir.hmis.gov.np/CodeSystem/free-service-eligibility,0.0.1-ballot,active,,FreeServiceEligibilityCS,Free Service Eligibility,"Categories of individuals eligible for free health services (निशुल्क सेवा कोड)","ValueSet/free-service-eligibility"
https://fhir.hmis.gov.np/CodeSystem/locations,0.0.1-ballot,active,,LocationsCS,Nepal Administrative Location Codes,"Comprehensive code system for Nepals provinces, districts, and municipalities.","ValueSet/localbody,ValueSet/district,ValueSet/province"
https://fhir.hmis.gov.np/CodeSystem/period-range,0.0.1-ballot,active,,PeriodRangeCS,Period Range,"HMIS period ranges codes based on IHE ADX Range Coding System.  Reference: IHE QRPH Supplement ADX, CP-QRPH-238, https://www.ihe.net/uploadedFiles/Documents/QRPH/IHE_QRPH_Suppl_ADX.pdf#page=78  Durations define the amount if an intervening time between two time points. These durations are represented in the form P[n]Y[n]M[n]DT[n]H[n]M[n]S or P[n]W. The [n] is replaced by the value for each of the time elements that follow the [n] and the letters have the meaning:  P is the duration designator (for period) placed at the start of the duration representation. Y is the year designator that follows the value for the number of years. M is the month designator that follows the value for the number of months. W is the week designator that follows the value for the number of weeks. D is the day designator that follows the value for the number of days. T is the time designator that precedes the time components of the representation. H is the hour designator that follows the value for the number of hours. M is the minute designator that follows the value for the number of minutes. S is the second designator that follows the value for the number of seconds.","ValueSet/age-range"
https://fhir.hmis.gov.np/CodeSystem/service-type,0.0.1-ballot,active,,ServiceTypeCS,सेवाको किसिम कोड सिस्टम,"स्वास्थ्य सेवाका विभिन्न किसिमहरूको कोड सूची","ValueSet/service-type"
https://fhir.hmis.gov.np/CodeSystem/yes-no,0.0.1-ballot,active,,YesNoCS,Yes / No CodeSystem,"For representing Yes and No values in Nepali.","ValueSet/option-set-yes-no"
