{
  "codeSystems" : [
    {
      "url" : "http://hl7.org/fhir/administrative-gender",
      "version" : "5.0.0",
      "status" : "active",
      "name" : "AdministrativeGender",
      "title" : "AdministrativeGender",
      "description" : "The gender of a person used for administrative purposes.",
      "oids" : ["2.16.840.1.113883.4.642.4.2"],
      "uses" : {
      },
      "http://hl7.org/fhir/R5/valueset-administrative-gender.html" : "AdministrativeGender",
      "ValueSet-administrative-gender.html" : "Administrative Gender"
    },
    {
      "url" : "http://hl7.org/fhir/encounter-diagnosis-use",
      "version" : "5.0.0",
      "status" : "active",
      "name" : "EncounterDiagnosisUse",
      "title" : "Encounter Diagnosis Use",
      "description" : "Encounter Condition Use",
      "oids" : ["2.16.840.1.113883.4.642.4.2115"],
      "uses" : {
      },
      "http://hl7.org/fhir/R5/valueset-encounter-diagnosis-use.html" : "Encounter Diagnosis Use"
    },
    {
      "url" : "http://hl7.org/fhir/encounter-location-status",
      "version" : "5.0.0",
      "status" : "active",
      "name" : "EncounterLocationStatus",
      "title" : "Encounter Location Status",
      "description" : "The status of the location.",
      "oids" : [
        "2.16.840.1.113883.4.642.1.258",
        "2.16.840.1.113883.4.642.2.147",
        "2.16.840.1.113883.4.642.4.263"
      ],
      "uses" : {
      },
      "http://hl7.org/fhir/R5/valueset-encounter-location-status.html" : "Encounter Location Status"
    },
    {
      "url" : "http://hl7.org/fhir/encounter-reason-use",
      "version" : "5.0.0",
      "status" : "active",
      "name" : "EncounterReasonUse",
      "title" : "Encounter Reason Use",
      "description" : "Encounter Reason Use",
      "oids" : ["2.16.840.1.113883.4.642.4.2114"],
      "uses" : {
      },
      "http://hl7.org/fhir/R5/valueset-encounter-reason-use.html" : "Encounter Reason Use"
    },
    {
      "url" : "http://hl7.org/fhir/encounter-status",
      "version" : "5.0.0",
      "status" : "active",
      "name" : "EncounterStatus",
      "title" : "Encounter Status",
      "description" : "Current state of the encounter.",
      "oids" : [
        "2.16.840.1.113883.4.642.4.247",
        "2.16.840.1.113883.4.642.1.242"
      ],
      "uses" : {
      },
      "http://hl7.org/fhir/R5/valueset-encounter-status.html" : "Encounter Status"
    },
    {
      "url" : "http://hl7.org/fhir/link-type",
      "version" : "5.0.0",
      "status" : "active",
      "name" : "LinkType",
      "title" : "Link Type",
      "description" : "The type of link between this Patient resource and other Patient/RelatedPerson resource(s).",
      "oids" : [
        "2.16.840.1.113883.4.642.1.413",
        "2.16.840.1.113883.4.642.2.234",
        "2.16.840.1.113883.4.642.4.424"
      ],
      "uses" : {
      },
      "http://hl7.org/fhir/R5/valueset-link-type.html" : "Link Type"
    },
    {
      "url" : "http://hl7.org/fhir/location-characteristic",
      "version" : "5.0.0",
      "status" : "active",
      "name" : "LocationCharacteristic",
      "title" : "Location Characteristic",
      "description" : "Example Set of Location Characteristics.",
      "oids" : ["2.16.840.1.113883.4.642.4.1970"],
      "uses" : {
      },
      "http://hl7.org/fhir/R5/valueset-location-characteristic.html" : "Location Characteristic"
    },
    {
      "url" : "http://hl7.org/fhir/location-mode",
      "version" : "5.0.0",
      "status" : "active",
      "name" : "LocationMode",
      "title" : "Location Mode",
      "description" : "Indicates whether a resource instance represents a specific location or a class of locations.",
      "oids" : [
        "2.16.840.1.113883.4.642.4.331",
        "2.16.840.1.113883.4.642.1.322",
        "2.16.840.1.113883.4.642.2.181"
      ],
      "uses" : {
      },
      "http://hl7.org/fhir/R5/valueset-location-mode.html" : "Location Mode"
    },
    {
      "url" : "http://hl7.org/fhir/location-status",
      "version" : "5.0.0",
      "status" : "active",
      "name" : "LocationStatus",
      "title" : "Location Status",
      "description" : "Indicates whether the location is still in use.",
      "oids" : [
        "2.16.840.1.113883.4.642.4.333",
        "2.16.840.1.113883.4.642.1.324",
        "2.16.840.1.113883.4.642.2.182"
      ],
      "uses" : {
      },
      "http://hl7.org/fhir/R5/valueset-location-status.html" : "Location Status"
    },
    {
      "url" : "http://hl7.org/fhir/service-mode",
      "version" : "5.0.0",
      "status" : "active",
      "name" : "ServiceMode",
      "title" : "Service Mode",
      "description" : "An example set of Service Modes that could be applicable to use to characterize HealthcareServices or PractitionerRoles while searching",
      "oids" : ["2.16.840.1.113883.4.642.4.2116"],
      "uses" : {
      },
      "http://hl7.org/fhir/R5/valueset-service-mode.html" : "Service Mode"
    },
    {
      "url" : "http://terminology.hl7.org/CodeSystem/admit-source",
      "version" : "1.0.1",
      "status" : "active",
      "name" : "AdmitSource",
      "title" : "Admit source",
      "description" : "This value set defines a set of codes that can be used to indicate from where the patient came in.",
      "oids" : ["2.16.840.1.113883.4.642.1.1092"],
      "uses" : {
      },
      "http://hl7.org/fhir/R5/valueset-encounter-admit-source.html" : "Admit Source"
    },
    {
      "url" : "http://terminology.hl7.org/CodeSystem/diet",
      "version" : "1.0.1",
      "status" : "active",
      "name" : "Diet",
      "title" : "Diet",
      "description" : "This value set defines a set of codes that can be used to indicate dietary preferences or restrictions a patient may have.",
      "oids" : ["2.16.840.1.113883.4.642.1.1091"],
      "uses" : {
      },
      "http://hl7.org/fhir/R5/valueset-encounter-diet.html" : "Diet"
    },
    {
      "url" : "http://terminology.hl7.org/CodeSystem/discharge-disposition",
      "version" : "1.0.1",
      "status" : "active",
      "name" : "DischargeDisposition",
      "title" : "Discharge disposition",
      "description" : "This value set defines a set of codes that can be used to where the patient left the hospital.",
      "oids" : ["2.16.840.1.113883.4.642.1.1093"],
      "uses" : {
      },
      "http://hl7.org/fhir/R5/valueset-encounter-discharge-disposition.html" : "Discharge Disposition"
    },
    {
      "url" : "http://terminology.hl7.org/CodeSystem/encounter-special-arrangements",
      "version" : "1.0.1",
      "status" : "active",
      "name" : "SpecialArrangements",
      "title" : "Special arrangements",
      "description" : "This value set defines a set of codes that can be used to indicate the kinds of special arrangements in place for a patients visit.",
      "oids" : ["2.16.840.1.113883.4.642.1.1090"],
      "uses" : {
      },
      "http://hl7.org/fhir/R5/valueset-encounter-special-arrangements.html" : "Special Arrangements"
    },
    {
      "url" : "http://terminology.hl7.org/CodeSystem/encounter-subject-status",
      "version" : "2.0.1",
      "status" : "active",
      "name" : "EncounterSubjectStatus",
      "title" : "Encounter subject status",
      "description" : "This example value set defines a set of codes that can be used to indicate the status of the subject within the encounter",
      "oids" : ["2.16.840.1.113883.4.642.1.1420"],
      "uses" : {
      },
      "http://hl7.org/fhir/R5/valueset-encounter-subject-status.html" : "Encounter Subject Status"
    },
    {
      "url" : "http://terminology.hl7.org/CodeSystem/encounter-type",
      "version" : "1.0.1",
      "status" : "active",
      "name" : "EncounterType",
      "title" : "Encounter type",
      "description" : "This example value set defines a set of codes that can be used to indicate the type of encounter: a specific code indicating type of service provided.",
      "oids" : ["2.16.840.1.113883.4.642.1.1088"],
      "uses" : {
      },
      "http://hl7.org/fhir/R5/valueset-encounter-type.html" : "Encounter Type"
    },
    {
      "url" : "http://terminology.hl7.org/CodeSystem/location-physical-type",
      "version" : "2.0.1",
      "status" : "active",
      "name" : "LocationType",
      "title" : "Location type",
      "description" : "This example value set defines a set of codes that can be used to indicate the physical form of the Location.\r\rThis includes several 'non physical' codes which are still considered a location.",
      "oids" : ["2.16.840.1.113883.4.642.1.1108"],
      "uses" : {
      },
      "http://hl7.org/fhir/R5/valueset-location-form.html" : "Location Form"
    },
    {
      "url" : "http://terminology.hl7.org/CodeSystem/participant-type",
      "version" : "1.0.1",
      "status" : "active",
      "name" : "ParticipantType",
      "title" : "Participant type",
      "description" : "This value set defines a set of codes that can be used to indicate how an individual participates in an encounter.",
      "oids" : ["2.16.840.1.113883.4.642.1.1089"],
      "uses" : {
      },
      "http://hl7.org/fhir/R5/valueset-encounter-participant-type.html" : "Participant Type"
    },
    {
      "url" : "http://terminology.hl7.org/CodeSystem/practitioner-role",
      "version" : "1.0.1",
      "status" : "active",
      "name" : "PractitionerRole",
      "title" : "Practitioner role",
      "description" : "This example value set defines a set of codes that can be used to indicate the role of a Practitioner.",
      "oids" : ["2.16.840.1.113883.4.642.1.1132"],
      "uses" : {
      },
      "http://hl7.org/fhir/R5/valueset-practitioner-role.html" : "Practitioner Role"
    },
    {
      "url" : "http://terminology.hl7.org/CodeSystem/service-type",
      "version" : "1.1.1",
      "status" : "active",
      "name" : "ServiceType",
      "title" : "Service type",
      "description" : "This value set defines an example set of codes of service-types.",
      "oids" : ["2.16.840.1.113883.4.642.1.1145"],
      "uses" : {
      },
      "http://hl7.org/fhir/R5/valueset-service-type.html" : "Service Type"
    },
    {
      "url" : "http://terminology.hl7.org/CodeSystem/v2-0092",
      "version" : "2.0.0",
      "status" : "active",
      "name" : "ReAdmissionIndicator",
      "title" : "re-admissionIndicator",
      "description" : "Code system of concepts which are used to specify that a patient is being re admitted to a healthcare facilityin from which they were discharged, and indicates the circumstances around such re-admission.  Used in HL7 Version 2.x messagine in the PV1 segment.",
      "oids" : ["2.16.840.1.113883.18.36"],
      "uses" : {
      },
      "http://terminology.hl7.org/6.5.0/ValueSet-v2-0092.html" : "hl7VS-re-admissionIndicator"
    },
    {
      "url" : "http://terminology.hl7.org/CodeSystem/v2-0116",
      "version" : "2.0.0",
      "status" : "active",
      "name" : "BedStatus",
      "title" : "bedStatus",
      "description" : "Code system of concepts which specify the state of a bed in an inpatient setting, and is used to determine if a patient may be assigned to it or not.  Used in HL7 Version 2.x messaging in the DLD and PV1 segments.",
      "oids" : ["2.16.840.1.113883.18.47"],
      "uses" : {
      },
      "http://terminology.hl7.org/6.5.0/ValueSet-v2-0116.html" : "hl7VS-bedStatus"
    },
    {
      "url" : "http://terminology.hl7.org/CodeSystem/v2-0131",
      "version" : "2.0.0",
      "status" : "active",
      "name" : "ContactRole2",
      "title" : "contactRole2",
      "description" : "Code system of concepts which specify a relationship role that the next of kin/associated parties plays with regard to the patient. Also used in referrals, for example, it may be necessary to identify the contact representative at the clinic that sent a referral. Used in HL7 Version 2 messaging in the NK1 and CTD segments after 2.5, when it replace 2.16.840.1.113883.18.57.",
      "oids" : ["2.16.840.1.113883.18.58"],
      "uses" : {
      },
      "http://hl7.org/fhir/R5/valueset-patient-contactrelationship.html" : "Patient Contact Relationship "
    },
    {
      "url" : "http://terminology.hl7.org/CodeSystem/v2-0360",
      "version" : "2.0.0",
      "status" : "active",
      "name" : "DegreeLicenseCertificate",
      "title" : "degreeLicenseCertificate",
      "description" : "Code system of concepts specifying an educational degree (e.g., MD).  Used in the CNN datatype (names and identifiers of clinicians) in Version 2 messaging.  Used in HL7 Version 2.x messaging in the CNN segment; note that in releases of HL7 prior to 2.3.1, was also used in person names (XPN), but this use was deprecated, then withdrawn in 2.7.",
      "oids" : ["2.16.840.1.113883.18.220"],
      "uses" : {
      },
      "http://terminology.hl7.org/6.5.0/ValueSet-v2-0360.html" : "hl7VS-degreeLicenseCertificate"
    },
    {
      "url" : "http://terminology.hl7.org/CodeSystem/v3-ActCode",
      "version" : "9.0.0",
      "status" : "active",
      "name" : "ActCode",
      "title" : "ActCode",
      "description" : "A code specifying the particular kind of Act that the Act-instance represents within its class.\r\n\r\n*Constraints:* The kind of Act (e.g. physical examination, serum potassium, inpatient encounter, charge financial transaction, etc.) is specified with a code from one of several, typically external, coding systems. The coding system will depend on the class of Act, such as LOINC for observations, etc.\r\n\r\nConceptually, the Act.code must be a specialization of the Act.classCode. This is why the structure of ActClass domain should be reflected in the superstructure of the ActCode domain and then individual codes or externally referenced vocabularies subordinated under these domains that reflect the ActClass structure.\r\n\r\nAct.classCode and Act.code are not modifiers of each other but the Act.code concept should really imply the Act.classCode concept. For a negative example, it is not appropriate to use an Act.code \"potassium\" together with and Act.classCode for \"laboratory observation\" to somehow mean \"potassium laboratory observation\" and then use the same Act.code for \"potassium\" together with Act.classCode for \"medication\" to mean \"substitution of potassium\". This mutually modifying use of Act.code and Act.classCode is not permitted.",
      "oids" : ["2.16.840.1.113883.5.4"],
      "uses" : {
      },
      "http://terminology.hl7.org/6.5.0/ValueSet-encounter-class.html" : "Encounter class"
    },
    {
      "url" : "http://terminology.hl7.org/CodeSystem/v3-ActPriority",
      "version" : "3.0.0",
      "status" : "active",
      "name" : "ActPriority",
      "title" : "ActPriority",
      "description" : "A set of codes (e.g., for routine, emergency), specifying the urgency under which the Act happened, can happen, is happening, is intended to happen, or is requested/demanded to happen.",
      "oids" : ["2.16.840.1.113883.5.7"],
      "uses" : {
      },
      "http://terminology.hl7.org/6.5.0/ValueSet-v3-ActPriority.html" : "ActPriority"
    },
    {
      "url" : "http://terminology.hl7.org/CodeSystem/v3-EncounterSpecialCourtesy",
      "version" : "3.0.0",
      "status" : "active",
      "name" : "EncounterSpecialCourtesy",
      "title" : "EncounterSpecialCourtesy",
      "description" : "**** MISSING DESCRIPTION ****",
      "oids" : ["2.16.840.1.113883.5.40"],
      "uses" : {
      },
      "http://hl7.org/fhir/R5/valueset-encounter-special-courtesy.html" : "Special Courtesy"
    },
    {
      "url" : "http://terminology.hl7.org/CodeSystem/v3-MaritalStatus",
      "version" : "3.0.0",
      "status" : "active",
      "name" : "MaritalStatus",
      "title" : "MaritalStatus",
      "description" : "\\* \\* \\* No description supplied \\* \\* \\*\r\n\r\n*Open Issue:* The specific meanings of these codes can vary somewhat by jurisdiction and implementation so caution should be used when determining equivalency.\r\n\r\n*Open Issue:* fixing and completion of the hierarchy and proper good definitions of all the concepts is badly needed.",
      "oids" : ["2.16.840.1.113883.5.2"],
      "uses" : {
      },
      "http://hl7.org/fhir/R5/valueset-marital-status.html" : "Marital Status Codes"
    },
    {
      "url" : "http://terminology.hl7.org/CodeSystem/v3-NullFlavor",
      "version" : "3.0.0",
      "status" : "active",
      "name" : "NullFlavor",
      "title" : "NullFlavor",
      "description" : "A collection of codes specifying why a valid value is not present.",
      "oids" : ["2.16.840.1.113883.5.1008"],
      "uses" : {
      },
      "http://hl7.org/fhir/R5/valueset-encounter-special-courtesy.html" : "Special Courtesy",
      "http://hl7.org/fhir/R5/valueset-marital-status.html" : "Marital Status Codes"
    },
    {
      "url" : "http://terminology.hl7.org/CodeSystem/v3-ParticipationType",
      "version" : "5.0.0",
      "status" : "active",
      "name" : "ParticipationType",
      "title" : "ParticipationType",
      "description" : "A code specifying the meaning and purpose of every Participation instance. Each of its values implies specific constraints on the Roles undertaking the participation.",
      "oids" : ["2.16.840.1.113883.5.90"],
      "uses" : {
      },
      "http://hl7.org/fhir/R5/valueset-encounter-participant-type.html" : "Participant Type"
    },
    {
      "url" : "http://terminology.hl7.org/CodeSystem/v3-RoleCode",
      "version" : "3.0.0",
      "status" : "active",
      "name" : "RoleCode",
      "title" : "RoleCode",
      "description" : "A set of codes further specifying the kind of Role; specific classification codes for further qualifying RoleClass codes.",
      "oids" : ["2.16.840.1.113883.5.111"],
      "uses" : {
      },
      "http://terminology.hl7.org/6.5.0/ValueSet-v3-ServiceDeliveryLocationRoleType.html" : "ServiceDeliveryLocationRoleType"
    },
    {
      "url" : "https://hl7.hmis.gov.np/CodeSystem/ethnic-code",
      "version" : "1.0.1",
      "status" : "active",
      "name" : "EthnicCodeCS",
      "title" : "Ethnic Code",
      "description" : "जाति कोडहरू: दलित, जनजाती, मधेसी, मुस्लिम, ब्राह्मण/क्षेत्री, अन्य",
      "uses" : {
      },
      "ValueSet-ethnic-code.html" : "Ethnic Code"
    },
    {
      "url" : "https://hl7.hmis.gov.np/CodeSystem/locations",
      "version" : "1.0.1",
      "status" : "active",
      "name" : "LocationsCS",
      "title" : "Nepal Administrative Location Codes",
      "description" : "Comprehensive code system for Nepals provinces, districts, and municipalities.",
      "uses" : {
      },
      "ValueSet-district.html" : "District",
      "ValueSet-province.html" : "Province",
      "ValueSet-localbody.html" : "LocalBody"
    },
    {
      "url" : "https://hl7.hmis.gov.np/CodeSystem/service-type",
      "version" : "1.0.1",
      "status" : "active",
      "name" : "ServiceTypeCS",
      "title" : "सेवाको किसिम कोड सिस्टम",
      "description" : "स्वास्थ्य सेवाका विभिन्न किसिमहरूको कोड सूची।",
      "uses" : {
      },
      "ValueSet-service-type.html" : "सेवाको किसिमको मान सेट"
    },
    {
      "url" : "urn:ietf:bcp:47",
      "version" : "2.0.1",
      "status" : "active",
      "name" : "Ietf3066",
      "title" : "Tags for the Identification of Languages",
      "description" : "Older value from OID registry.  Superceded; see recommendations in BCP-47.",
      "oids" : ["2.16.840.1.113883.6.121"],
      "uses" : {
      },
      "http://hl7.org/fhir/R5/valueset-languages.html" : "Common Languages",
      "http://hl7.org/fhir/R5/valueset-all-languages.html" : "All Languages"
    }
  ]
}
