<?xml version="1.0" encoding="UTF-8"?>

<CodeSystem xmlns="http://hl7.org/fhir">
  <id value="period-range"/>
  <text>
    <status value="generated"/><div xmlns="http://www.w3.org/1999/xhtml"><p class="res-header-id"><b>Generated Narrative: CodeSystem period-range</b></p><a name="period-range"> </a><a name="hcperiod-range"> </a><p>This case-sensitive code system <code>https://fhir.hmis.gov.np/CodeSystem/period-range</code> defines the following codes:</p><table class="codes"><tr><td style="white-space:nowrap"><b>Code</b></td><td><b>Display</b></td><td><b>Definition</b></td></tr><tr><td style="white-space:nowrap">P0M--P24M<a name="period-range-P0M--P24M"> </a></td><td>0-23 Months</td><td>An age greater or equal to 0 and less than 24 months</td></tr><tr><td style="white-space:nowrap">P24M--P60M<a name="period-range-P24M--P60M"> </a></td><td>24-59 Months</td><td>An age greater or equal to 24 and less than 60 months</td></tr><tr><td style="white-space:nowrap">P28D<a name="period-range-P28D"> </a></td><td>Within 28 Days</td><td>Age less than or equal to 28 days</td></tr><tr><td style="white-space:nowrap">P1M<a name="period-range-P1M"> </a></td><td>1 Month</td><td>Age equal to 1 month</td></tr><tr><td style="white-space:nowrap">P2M<a name="period-range-P2M"> </a></td><td>2 Months</td><td>Age equal to 2 months</td></tr><tr><td style="white-space:nowrap">P3M<a name="period-range-P3M"> </a></td><td>3 Months</td><td>Age equal to 3 months</td></tr><tr><td style="white-space:nowrap">P4M<a name="period-range-P4M"> </a></td><td>4 Months</td><td>Age equal to 4 months</td></tr><tr><td style="white-space:nowrap">P5M<a name="period-range-P5M"> </a></td><td>5 Months</td><td>Age equal to 5 months</td></tr><tr><td style="white-space:nowrap">P6M<a name="period-range-P6M"> </a></td><td>6 Months</td><td>Age equal to 6 months</td></tr><tr><td style="white-space:nowrap">P7M<a name="period-range-P7M"> </a></td><td>7 Months</td><td>Age equal to 7 months</td></tr><tr><td style="white-space:nowrap">P8M<a name="period-range-P8M"> </a></td><td>8 Months</td><td>Age equal to 8 months</td></tr><tr><td style="white-space:nowrap">P9M<a name="period-range-P9M"> </a></td><td>9 Months</td><td>Age equal to 9 months</td></tr><tr><td style="white-space:nowrap">P10M<a name="period-range-P10M"> </a></td><td>10 Months</td><td>Age equal to 10 months</td></tr><tr><td style="white-space:nowrap">P11M<a name="period-range-P11M"> </a></td><td>11 Months</td><td>Age equal to 11 months</td></tr><tr><td style="white-space:nowrap">P12M<a name="period-range-P12M"> </a></td><td>12 Months</td><td>Age equal to 12 months</td></tr><tr><td style="white-space:nowrap">P13M<a name="period-range-P13M"> </a></td><td>13 Months</td><td>Age equal to 13 months</td></tr><tr><td style="white-space:nowrap">P14M<a name="period-range-P14M"> </a></td><td>14 Months</td><td>Age equal to 14 months</td></tr><tr><td style="white-space:nowrap">P15M<a name="period-range-P15M"> </a></td><td>15 Months</td><td>Age equal to 15 months</td></tr><tr><td style="white-space:nowrap">P16M<a name="period-range-P16M"> </a></td><td>16 Months</td><td>Age equal to 16 months</td></tr><tr><td style="white-space:nowrap">P17M<a name="period-range-P17M"> </a></td><td>17 Months</td><td>Age equal to 17 months</td></tr><tr><td style="white-space:nowrap">P18M<a name="period-range-P18M"> </a></td><td>18 Months</td><td>Age equal to 18 months</td></tr><tr><td style="white-space:nowrap">P19M<a name="period-range-P19M"> </a></td><td>19 Months</td><td>Age equal to 19 months</td></tr><tr><td style="white-space:nowrap">P20M<a name="period-range-P20M"> </a></td><td>20 Months</td><td>Age equal to 20 months</td></tr><tr><td style="white-space:nowrap">P21M<a name="period-range-P21M"> </a></td><td>21 Months</td><td>Age equal to 21 months</td></tr><tr><td style="white-space:nowrap">P22M<a name="period-range-P22M"> </a></td><td>22 Months</td><td>Age equal to 22 months</td></tr><tr><td style="white-space:nowrap">P23M<a name="period-range-P23M"> </a></td><td>23 Months</td><td>Age equal to 23 months</td></tr><tr><td style="white-space:nowrap">P6M--P12M<a name="period-range-P6M--P12M"> </a></td><td>6-11 Months</td><td>Age greater or equal to 6 months and less than 12 months</td></tr><tr><td style="white-space:nowrap">P12M--P18M<a name="period-range-P12M--P18M"> </a></td><td>12-17 Months</td><td>Age greater or equal to 12 months and less than 18 months</td></tr><tr><td style="white-space:nowrap">P18M--P24M<a name="period-range-P18M--P24M"> </a></td><td>18-23 Months</td><td>Age greater or equal to 18 months and less than 24 months</td></tr><tr><td style="white-space:nowrap">P0W--P13W<a name="period-range-P0W--P13W"> </a></td><td>&lt;=13 Weeks</td><td>Age less than or equal to 13 weeks</td></tr><tr><td style="white-space:nowrap">P0W--P26W<a name="period-range-P0W--P26W"> </a></td><td>&lt;=26 Weeks</td><td>Age less than or equal to 26 weeks</td></tr><tr><td style="white-space:nowrap">P0DT0H--P2DT0H<a name="period-range-P0DT0H--P2DT0H"> </a></td><td>Within 48 Hours</td><td>Age greater or equal to 0 hours and less than 48 hours</td></tr><tr><td style="white-space:nowrap">P2DT0H--P1Y<a name="period-range-P2DT0H--P1Y"> </a></td><td>48 Hours to 1 Year</td><td>Age greater or equal to 48 hours and less than 1 year</td></tr><tr><td style="white-space:nowrap">P0D--P1D<a name="period-range-P0D--P1D"> </a></td><td>Within 24 Hours of Birth</td><td>Age from birth up to less than 24 hours</td></tr><tr><td style="white-space:nowrap">P0D--P3D<a name="period-range-P0D--P3D"> </a></td><td>Within 3 Days Postpartum</td><td>Age from birth up to less than 3 days postpartum</td></tr><tr><td style="white-space:nowrap">P7D--P14D<a name="period-range-P7D--P14D"> </a></td><td>7 to 14 Days Postpartum</td><td>Age greater or equal to 7 days and less than 14 days postpartum</td></tr><tr><td style="white-space:nowrap">P0D--P42D<a name="period-range-P0D--P42D"> </a></td><td>Within 42 Days Postpartum</td><td>Age from birth up to less than 42 days postpartum</td></tr><tr><td style="white-space:nowrap">P2DT1H--P42D<a name="period-range-P2DT1H--P42D"> </a></td><td>49 Hours to 42 Days Postpartum</td><td>Age greater or equal to 49 hours and less than 42 days postpartum</td></tr></table><p><b>Additional Language Displays</b></p><table class="codes"><tr><td><b>Code</b></td><td><b>English (English, en)</b></td><td><b>np</b></td></tr><tr><td>P0M--P24M</td><td>0-23 Months</td><td>०-२३ महिना</td></tr><tr><td>P24M--P60M</td><td>24-59 Months</td><td>२४ देखि ५९ महिना</td></tr><tr><td>P28D</td><td>Within 28 Days</td><td>२८ दिन भित्र</td></tr><tr><td>P1M</td><td>1 Month</td><td>१ महिना</td></tr><tr><td>P2M</td><td>2 Months</td><td>२ महिना</td></tr><tr><td>P3M</td><td>3 Months</td><td>३ महिना</td></tr><tr><td>P4M</td><td>4 Months</td><td>४ महिना</td></tr><tr><td>P5M</td><td>5 Months</td><td>५ महिना</td></tr><tr><td>P6M</td><td>6 Months</td><td>६ महिना</td></tr><tr><td>P7M</td><td>7 Months</td><td>७ महिना</td></tr><tr><td>P8M</td><td>8 Months</td><td>८ महिना</td></tr><tr><td>P9M</td><td>9 Months</td><td>९ महिना</td></tr><tr><td>P10M</td><td>10 Months</td><td>१० महिना</td></tr><tr><td>P11M</td><td>11 Months</td><td>११ महिना</td></tr><tr><td>P12M</td><td>12 Months</td><td>१२ महिना</td></tr><tr><td>P13M</td><td>13 Months</td><td>१३ महिना</td></tr><tr><td>P14M</td><td>14 Months</td><td>१४ महिना</td></tr><tr><td>P15M</td><td>15 Months</td><td>१५ महिना</td></tr><tr><td>P16M</td><td>16 Months</td><td>१६ महिना</td></tr><tr><td>P17M</td><td>17 Months</td><td>१७ महिना</td></tr><tr><td>P18M</td><td>18 Months</td><td>१८ महिना</td></tr><tr><td>P19M</td><td>19 Months</td><td>१९ महिना</td></tr><tr><td>P20M</td><td>20 Months</td><td>२० महिना</td></tr><tr><td>P21M</td><td>21 Months</td><td>२१ महिना</td></tr><tr><td>P22M</td><td>22 Months</td><td>२२ महिना</td></tr><tr><td>P23M</td><td>23 Months</td><td>२३ महिना</td></tr><tr><td>P6M--P12M</td><td>6-11 Months</td><td>६ देखि ११ महिना</td></tr><tr><td>P12M--P18M</td><td>12-17 Months</td><td>१२ देखि १७ महिना</td></tr><tr><td>P18M--P24M</td><td>18-23 Months</td><td>१८ देखि २३ महिना</td></tr><tr><td>P0W--P13W</td><td>Up to 13 Weeks</td><td>१३ हप्ता सम्म</td></tr><tr><td>P0W--P26W</td><td>Up to 26 Weeks</td><td>२६ हप्ता सम्म</td></tr><tr><td>P0DT0H--P2DT0H</td><td>Within 48 Hours</td><td>४८ घण्टा भित्र</td></tr><tr><td>P2DT0H--P1Y</td><td>48 Hours to 1 Year</td><td>४८ घण्टा देखि १ वर्ष</td></tr><tr><td>P0D--P1D</td><td>Within 24 Hours of Birth</td><td>जन्मेको २४ घण्टामा</td></tr><tr><td>P0D--P3D</td><td>Within 3 Days Postpartum</td><td>सुत्केरीको ३ दिनमा</td></tr><tr><td>P7D--P14D</td><td>7 to 14 Days Postpartum</td><td>सुत्केरी ७ देखि १४ दिन भित्र</td></tr><tr><td>P0D--P42D</td><td>Within 42 Days Postpartum</td><td>सुत्केरीको ४२ दिनमा</td></tr><tr><td>P2DT1H--P42D</td><td>49 Hours to 42 Days Postpartum</td><td>सुत्केरी भएको ४९ घण्टा देखि ४२ दिन भित्र</td></tr></table></div>
  </text>
  <url value="https://fhir.hmis.gov.np/CodeSystem/period-range"/>
  <version value="0.0.1-ballot"/>
  <name value="PeriodRangeCS"/>
  <title value="Period Range"/>
  <status value="active"/>
  <experimental value="false"/>
  <date value="2025-08-14T14:11:38+05:45"/>
  <publisher value="Integrated Health Information Management Section"/>
  <contact>
    <name value="Integrated Health Information Management Section"/>
    <telecom>
      <system value="url"/>
      <value value="https://hmis.gov.np"/>
    </telecom>
    <telecom>
      <system value="email"/>
      <value value="it@hmis.gov.np"/>
    </telecom>
  </contact>
  <contact>
    <name value="RC Poudel"/>
    <telecom>
      <system value="email"/>
      <value value="rcpoudel@amakomaya.com"/>
    </telecom>
    <telecom>
      <system value="email"/>
      <value value="rmchndrapdl@gmail.com"/>
    </telecom>
    <telecom>
      <system value="phone"/>
      <value value="+977-9851341921"/>
    </telecom>
  </contact>
  <description value="HMIS period ranges codes based on IHE ADX Range Coding System. &#xA;Reference: IHE QRPH Supplement ADX, CP-QRPH-238, https://www.ihe.net/uploadedFiles/Documents/QRPH/IHE_QRPH_Suppl_ADX.pdf#page=78&#xA;&#xA;Durations define the amount if an intervening time between two time points. These durations are represented in the form P[n]Y[n]M[n]DT[n]H[n]M[n]S or P[n]W. The [n] is replaced by the value for each of the time elements that follow the [n] and the letters have the meaning:&#xA;&#xA;P is the duration designator (for period) placed at the start of the duration representation.&#xA;Y is the year designator that follows the value for the number of years.&#xA;M is the month designator that follows the value for the number of months.&#xA;W is the week designator that follows the value for the number of weeks.&#xA;D is the day designator that follows the value for the number of days.&#xA;T is the time designator that precedes the time components of the representation.&#xA;H is the hour designator that follows the value for the number of hours.&#xA;M is the minute designator that follows the value for the number of minutes.&#xA;S is the second designator that follows the value for the number of seconds."/>
  <jurisdiction>
    <coding>
      <system value="urn:iso:std:iso:3166"/>
      <code value="NP"/>
      <display value="Nepal"/>
    </coding>
  </jurisdiction>
  <copyright value="Used by permission of HL7 International, all rights reserved Creative Commons License"/>
  <caseSensitive value="true"/>
  <content value="complete"/>
  <count value="38"/>
  <concept>
    <code value="P0M--P24M"/>
    <display value="0-23 Months"/>
    <definition value="An age greater or equal to 0 and less than 24 months"/>
    <designation>
      <language value="en"/>
      <value value="0-23 Months"/>
    </designation>
    <designation>
      <language value="np"/>
      <value value="०-२३ महिना"/>
    </designation>
  </concept>
  <concept>
    <code value="P24M--P60M"/>
    <display value="24-59 Months"/>
    <definition value="An age greater or equal to 24 and less than 60 months"/>
    <designation>
      <language value="en"/>
      <value value="24-59 Months"/>
    </designation>
    <designation>
      <language value="np"/>
      <value value="२४ देखि ५९ महिना"/>
    </designation>
  </concept>
  <concept>
    <code value="P28D"/>
    <display value="Within 28 Days"/>
    <definition value="Age less than or equal to 28 days"/>
    <designation>
      <language value="en"/>
      <value value="Within 28 Days"/>
    </designation>
    <designation>
      <language value="np"/>
      <value value="२८ दिन भित्र"/>
    </designation>
  </concept>
  <concept>
    <code value="P1M"/>
    <display value="1 Month"/>
    <definition value="Age equal to 1 month"/>
    <designation>
      <language value="en"/>
      <value value="1 Month"/>
    </designation>
    <designation>
      <language value="np"/>
      <value value="१ महिना"/>
    </designation>
  </concept>
  <concept>
    <code value="P2M"/>
    <display value="2 Months"/>
    <definition value="Age equal to 2 months"/>
    <designation>
      <language value="en"/>
      <value value="2 Months"/>
    </designation>
    <designation>
      <language value="np"/>
      <value value="२ महिना"/>
    </designation>
  </concept>
  <concept>
    <code value="P3M"/>
    <display value="3 Months"/>
    <definition value="Age equal to 3 months"/>
    <designation>
      <language value="en"/>
      <value value="3 Months"/>
    </designation>
    <designation>
      <language value="np"/>
      <value value="३ महिना"/>
    </designation>
  </concept>
  <concept>
    <code value="P4M"/>
    <display value="4 Months"/>
    <definition value="Age equal to 4 months"/>
    <designation>
      <language value="en"/>
      <value value="4 Months"/>
    </designation>
    <designation>
      <language value="np"/>
      <value value="४ महिना"/>
    </designation>
  </concept>
  <concept>
    <code value="P5M"/>
    <display value="5 Months"/>
    <definition value="Age equal to 5 months"/>
    <designation>
      <language value="en"/>
      <value value="5 Months"/>
    </designation>
    <designation>
      <language value="np"/>
      <value value="५ महिना"/>
    </designation>
  </concept>
  <concept>
    <code value="P6M"/>
    <display value="6 Months"/>
    <definition value="Age equal to 6 months"/>
    <designation>
      <language value="en"/>
      <value value="6 Months"/>
    </designation>
    <designation>
      <language value="np"/>
      <value value="६ महिना"/>
    </designation>
  </concept>
  <concept>
    <code value="P7M"/>
    <display value="7 Months"/>
    <definition value="Age equal to 7 months"/>
    <designation>
      <language value="en"/>
      <value value="7 Months"/>
    </designation>
    <designation>
      <language value="np"/>
      <value value="७ महिना"/>
    </designation>
  </concept>
  <concept>
    <code value="P8M"/>
    <display value="8 Months"/>
    <definition value="Age equal to 8 months"/>
    <designation>
      <language value="en"/>
      <value value="8 Months"/>
    </designation>
    <designation>
      <language value="np"/>
      <value value="८ महिना"/>
    </designation>
  </concept>
  <concept>
    <code value="P9M"/>
    <display value="9 Months"/>
    <definition value="Age equal to 9 months"/>
    <designation>
      <language value="en"/>
      <value value="9 Months"/>
    </designation>
    <designation>
      <language value="np"/>
      <value value="९ महिना"/>
    </designation>
  </concept>
  <concept>
    <code value="P10M"/>
    <display value="10 Months"/>
    <definition value="Age equal to 10 months"/>
    <designation>
      <language value="en"/>
      <value value="10 Months"/>
    </designation>
    <designation>
      <language value="np"/>
      <value value="१० महिना"/>
    </designation>
  </concept>
  <concept>
    <code value="P11M"/>
    <display value="11 Months"/>
    <definition value="Age equal to 11 months"/>
    <designation>
      <language value="en"/>
      <value value="11 Months"/>
    </designation>
    <designation>
      <language value="np"/>
      <value value="११ महिना"/>
    </designation>
  </concept>
  <concept>
    <code value="P12M"/>
    <display value="12 Months"/>
    <definition value="Age equal to 12 months"/>
    <designation>
      <language value="en"/>
      <value value="12 Months"/>
    </designation>
    <designation>
      <language value="np"/>
      <value value="१२ महिना"/>
    </designation>
  </concept>
  <concept>
    <code value="P13M"/>
    <display value="13 Months"/>
    <definition value="Age equal to 13 months"/>
    <designation>
      <language value="en"/>
      <value value="13 Months"/>
    </designation>
    <designation>
      <language value="np"/>
      <value value="१३ महिना"/>
    </designation>
  </concept>
  <concept>
    <code value="P14M"/>
    <display value="14 Months"/>
    <definition value="Age equal to 14 months"/>
    <designation>
      <language value="en"/>
      <value value="14 Months"/>
    </designation>
    <designation>
      <language value="np"/>
      <value value="१४ महिना"/>
    </designation>
  </concept>
  <concept>
    <code value="P15M"/>
    <display value="15 Months"/>
    <definition value="Age equal to 15 months"/>
    <designation>
      <language value="en"/>
      <value value="15 Months"/>
    </designation>
    <designation>
      <language value="np"/>
      <value value="१५ महिना"/>
    </designation>
  </concept>
  <concept>
    <code value="P16M"/>
    <display value="16 Months"/>
    <definition value="Age equal to 16 months"/>
    <designation>
      <language value="en"/>
      <value value="16 Months"/>
    </designation>
    <designation>
      <language value="np"/>
      <value value="१६ महिना"/>
    </designation>
  </concept>
  <concept>
    <code value="P17M"/>
    <display value="17 Months"/>
    <definition value="Age equal to 17 months"/>
    <designation>
      <language value="en"/>
      <value value="17 Months"/>
    </designation>
    <designation>
      <language value="np"/>
      <value value="१७ महिना"/>
    </designation>
  </concept>
  <concept>
    <code value="P18M"/>
    <display value="18 Months"/>
    <definition value="Age equal to 18 months"/>
    <designation>
      <language value="en"/>
      <value value="18 Months"/>
    </designation>
    <designation>
      <language value="np"/>
      <value value="१८ महिना"/>
    </designation>
  </concept>
  <concept>
    <code value="P19M"/>
    <display value="19 Months"/>
    <definition value="Age equal to 19 months"/>
    <designation>
      <language value="en"/>
      <value value="19 Months"/>
    </designation>
    <designation>
      <language value="np"/>
      <value value="१९ महिना"/>
    </designation>
  </concept>
  <concept>
    <code value="P20M"/>
    <display value="20 Months"/>
    <definition value="Age equal to 20 months"/>
    <designation>
      <language value="en"/>
      <value value="20 Months"/>
    </designation>
    <designation>
      <language value="np"/>
      <value value="२० महिना"/>
    </designation>
  </concept>
  <concept>
    <code value="P21M"/>
    <display value="21 Months"/>
    <definition value="Age equal to 21 months"/>
    <designation>
      <language value="en"/>
      <value value="21 Months"/>
    </designation>
    <designation>
      <language value="np"/>
      <value value="२१ महिना"/>
    </designation>
  </concept>
  <concept>
    <code value="P22M"/>
    <display value="22 Months"/>
    <definition value="Age equal to 22 months"/>
    <designation>
      <language value="en"/>
      <value value="22 Months"/>
    </designation>
    <designation>
      <language value="np"/>
      <value value="२२ महिना"/>
    </designation>
  </concept>
  <concept>
    <code value="P23M"/>
    <display value="23 Months"/>
    <definition value="Age equal to 23 months"/>
    <designation>
      <language value="en"/>
      <value value="23 Months"/>
    </designation>
    <designation>
      <language value="np"/>
      <value value="२३ महिना"/>
    </designation>
  </concept>
  <concept>
    <code value="P6M--P12M"/>
    <display value="6-11 Months"/>
    <definition value="Age greater or equal to 6 months and less than 12 months"/>
    <designation>
      <language value="en"/>
      <value value="6-11 Months"/>
    </designation>
    <designation>
      <language value="np"/>
      <value value="६ देखि ११ महिना"/>
    </designation>
  </concept>
  <concept>
    <code value="P12M--P18M"/>
    <display value="12-17 Months"/>
    <definition value="Age greater or equal to 12 months and less than 18 months"/>
    <designation>
      <language value="en"/>
      <value value="12-17 Months"/>
    </designation>
    <designation>
      <language value="np"/>
      <value value="१२ देखि १७ महिना"/>
    </designation>
  </concept>
  <concept>
    <code value="P18M--P24M"/>
    <display value="18-23 Months"/>
    <definition value="Age greater or equal to 18 months and less than 24 months"/>
    <designation>
      <language value="en"/>
      <value value="18-23 Months"/>
    </designation>
    <designation>
      <language value="np"/>
      <value value="१८ देखि २३ महिना"/>
    </designation>
  </concept>
  <concept>
    <code value="P0W--P13W"/>
    <display value="&lt;=13 Weeks"/>
    <definition value="Age less than or equal to 13 weeks"/>
    <designation>
      <language value="en"/>
      <value value="Up to 13 Weeks"/>
    </designation>
    <designation>
      <language value="np"/>
      <value value="१३ हप्ता सम्म"/>
    </designation>
  </concept>
  <concept>
    <code value="P0W--P26W"/>
    <display value="&lt;=26 Weeks"/>
    <definition value="Age less than or equal to 26 weeks"/>
    <designation>
      <language value="en"/>
      <value value="Up to 26 Weeks"/>
    </designation>
    <designation>
      <language value="np"/>
      <value value="२६ हप्ता सम्म"/>
    </designation>
  </concept>
  <concept>
    <code value="P0DT0H--P2DT0H"/>
    <display value="Within 48 Hours"/>
    <definition value="Age greater or equal to 0 hours and less than 48 hours"/>
    <designation>
      <language value="en"/>
      <value value="Within 48 Hours"/>
    </designation>
    <designation>
      <language value="np"/>
      <value value="४८ घण्टा भित्र"/>
    </designation>
  </concept>
  <concept>
    <code value="P2DT0H--P1Y"/>
    <display value="48 Hours to 1 Year"/>
    <definition value="Age greater or equal to 48 hours and less than 1 year"/>
    <designation>
      <language value="en"/>
      <value value="48 Hours to 1 Year"/>
    </designation>
    <designation>
      <language value="np"/>
      <value value="४८ घण्टा देखि १ वर्ष"/>
    </designation>
  </concept>
  <concept>
    <code value="P0D--P1D"/>
    <display value="Within 24 Hours of Birth"/>
    <definition value="Age from birth up to less than 24 hours"/>
    <designation>
      <language value="en"/>
      <value value="Within 24 Hours of Birth"/>
    </designation>
    <designation>
      <language value="np"/>
      <value value="जन्मेको २४ घण्टामा"/>
    </designation>
  </concept>
  <concept>
    <code value="P0D--P3D"/>
    <display value="Within 3 Days Postpartum"/>
    <definition value="Age from birth up to less than 3 days postpartum"/>
    <designation>
      <language value="en"/>
      <value value="Within 3 Days Postpartum"/>
    </designation>
    <designation>
      <language value="np"/>
      <value value="सुत्केरीको ३ दिनमा"/>
    </designation>
  </concept>
  <concept>
    <code value="P7D--P14D"/>
    <display value="7 to 14 Days Postpartum"/>
    <definition value="Age greater or equal to 7 days and less than 14 days postpartum"/>
    <designation>
      <language value="en"/>
      <value value="7 to 14 Days Postpartum"/>
    </designation>
    <designation>
      <language value="np"/>
      <value value="सुत्केरी ७ देखि १४ दिन भित्र"/>
    </designation>
  </concept>
  <concept>
    <code value="P0D--P42D"/>
    <display value="Within 42 Days Postpartum"/>
    <definition value="Age from birth up to less than 42 days postpartum"/>
    <designation>
      <language value="en"/>
      <value value="Within 42 Days Postpartum"/>
    </designation>
    <designation>
      <language value="np"/>
      <value value="सुत्केरीको ४२ दिनमा"/>
    </designation>
  </concept>
  <concept>
    <code value="P2DT1H--P42D"/>
    <display value="49 Hours to 42 Days Postpartum"/>
    <definition value="Age greater or equal to 49 hours and less than 42 days postpartum"/>
    <designation>
      <language value="en"/>
      <value value="49 Hours to 42 Days Postpartum"/>
    </designation>
    <designation>
      <language value="np"/>
      <value value="सुत्केरी भएको ४९ घण्टा देखि ४२ दिन भित्र"/>
    </designation>
  </concept>
</CodeSystem>