<?xml version="1.0" encoding="UTF-8"?>

<CodeSystem xmlns="http://hl7.org/fhir">
  <id value="facility-type"/>
  <text>
    <status value="generated"/><div xmlns="http://www.w3.org/1999/xhtml"><p class="res-header-id"><b>Generated Narrative: CodeSystem facility-type</b></p><a name="facility-type"> </a><a name="hcfacility-type"> </a><p>This case-sensitive code system <code>https://fhir.hmis.gov.np/CodeSystem/facility-type</code> defines the following codes:</p><table class="codes"><tr><td style="white-space:nowrap"><b>Code</b></td><td><b>Display</b></td><td><b>Definition</b></td></tr><tr><td style="white-space:nowrap">central-hospital<a name="facility-type-central-hospital"> </a></td><td>Central Hospital</td><td>National-level tertiary hospital providing specialized services.</td></tr><tr><td style="white-space:nowrap">specialized-hospital<a name="facility-type-specialized-hospital"> </a></td><td>Specialized Hospital</td><td>Hospital focusing on specialized medical disciplines.</td></tr><tr><td style="white-space:nowrap">provincial-hospital<a name="facility-type-provincial-hospital"> </a></td><td>Provincial Hospital</td><td>Provincial-level hospital providing secondary care.</td></tr><tr><td style="white-space:nowrap">district-hospital<a name="facility-type-district-hospital"> </a></td><td>District Hospital</td><td>District-level hospital providing general health services.</td></tr><tr><td style="white-space:nowrap">community-hospital<a name="facility-type-community-hospital"> </a></td><td>Community Hospital</td><td>Community-managed hospital providing general care.</td></tr><tr><td style="white-space:nowrap">phcc<a name="facility-type-phcc"> </a></td><td>Primary Health Care Center</td><td>Primary-level facility providing basic and some specialized health services.</td></tr><tr><td style="white-space:nowrap">bhsc<a name="facility-type-bhsc"> </a></td><td>Basic Health Service Center</td><td>Facility providing essential health services, above a health post but below a PHCC.</td></tr><tr><td style="white-space:nowrap">hp<a name="facility-type-hp"> </a></td><td>Health Post</td><td>Facility providing basic preventive, promotive, and curative health services.</td></tr><tr><td style="white-space:nowrap">urban-health-clinic<a name="facility-type-urban-health-clinic"> </a></td><td>Urban Health Clinic</td><td>Primary care service facility in urban areas.</td></tr><tr><td style="white-space:nowrap">outreach-clinic<a name="facility-type-outreach-clinic"> </a></td><td>Outreach Clinic</td><td>Mobile or temporary clinic for targeted services.</td></tr><tr><td style="white-space:nowrap">epi-clinic<a name="facility-type-epi-clinic"> </a></td><td>EPI Clinic</td><td>Clinic providing routine immunization services.</td></tr><tr><td style="white-space:nowrap">private-hospital<a name="facility-type-private-hospital"> </a></td><td>Private Hospital</td><td>Hospital operated by the private sector.</td></tr><tr><td style="white-space:nowrap">private-clinic<a name="facility-type-private-clinic"> </a></td><td>Private Clinic</td><td>Clinic operated by a private practitioner or organization.</td></tr><tr><td style="white-space:nowrap">ayurveda-center<a name="facility-type-ayurveda-center"> </a></td><td>Ayurveda Center</td><td>Facility providing traditional ayurvedic medicine.</td></tr></table></div>
  </text>
  <url value="https://fhir.hmis.gov.np/CodeSystem/facility-type"/>
  <version value="0.0.1-ballot"/>
  <name value="FacilityType"/>
  <title value="Nepal Health Facility Type"/>
  <status value="active"/>
  <date value="2025-08-31T08:04:43+05:45"/>
  <publisher value="Integrated Health Information Management Section"/>
  <contact>
    <name value="Integrated Health Information Management Section"/>
    <telecom>
      <system value="url"/>
      <value value="https://hmis.gov.np"/>
    </telecom>
    <telecom>
      <system value="email"/>
      <value value="it@hmis.gov.np"/>
    </telecom>
  </contact>
  <contact>
    <name value="RC Poudel"/>
    <telecom>
      <system value="email"/>
      <value value="rcpoudel@amakomaya.com"/>
    </telecom>
    <telecom>
      <system value="email"/>
      <value value="rmchndrapdl@gmail.com"/>
    </telecom>
    <telecom>
      <system value="phone"/>
      <value value="+977-9851341921"/>
    </telecom>
  </contact>
  <description value="Types of health facilities in Nepal, based on Ministry of Health and Population classifications."/>
  <jurisdiction>
    <coding>
      <system value="urn:iso:std:iso:3166"/>
      <code value="NP"/>
    </coding>
  </jurisdiction>
  <copyright value="Used by permission of HL7 International, all rights reserved Creative Commons License"/>
  <caseSensitive value="true"/>
  <content value="complete"/>
  <count value="14"/>
  <concept>
    <code value="central-hospital"/>
    <display value="Central Hospital"/>
    <definition value="National-level tertiary hospital providing specialized services."/>
  </concept>
  <concept>
    <code value="specialized-hospital"/>
    <display value="Specialized Hospital"/>
    <definition value="Hospital focusing on specialized medical disciplines."/>
  </concept>
  <concept>
    <code value="provincial-hospital"/>
    <display value="Provincial Hospital"/>
    <definition value="Provincial-level hospital providing secondary care."/>
  </concept>
  <concept>
    <code value="district-hospital"/>
    <display value="District Hospital"/>
    <definition value="District-level hospital providing general health services."/>
  </concept>
  <concept>
    <code value="community-hospital"/>
    <display value="Community Hospital"/>
    <definition value="Community-managed hospital providing general care."/>
  </concept>
  <concept>
    <code value="phcc"/>
    <display value="Primary Health Care Center"/>
    <definition value="Primary-level facility providing basic and some specialized health services."/>
  </concept>
  <concept>
    <code value="bhsc"/>
    <display value="Basic Health Service Center"/>
    <definition value="Facility providing essential health services, above a health post but below a PHCC."/>
  </concept>
  <concept>
    <code value="hp"/>
    <display value="Health Post"/>
    <definition value="Facility providing basic preventive, promotive, and curative health services."/>
  </concept>
  <concept>
    <code value="urban-health-clinic"/>
    <display value="Urban Health Clinic"/>
    <definition value="Primary care service facility in urban areas."/>
  </concept>
  <concept>
    <code value="outreach-clinic"/>
    <display value="Outreach Clinic"/>
    <definition value="Mobile or temporary clinic for targeted services."/>
  </concept>
  <concept>
    <code value="epi-clinic"/>
    <display value="EPI Clinic"/>
    <definition value="Clinic providing routine immunization services."/>
  </concept>
  <concept>
    <code value="private-hospital"/>
    <display value="Private Hospital"/>
    <definition value="Hospital operated by the private sector."/>
  </concept>
  <concept>
    <code value="private-clinic"/>
    <display value="Private Clinic"/>
    <definition value="Clinic operated by a private practitioner or organization."/>
  </concept>
  <concept>
    <code value="ayurveda-center"/>
    <display value="Ayurveda Center"/>
    <definition value="Facility providing traditional ayurvedic medicine."/>
  </concept>
</CodeSystem>