{
  "resourceType" : "Immunization",
  "id" : "immunization-bcg",
  "text" : {
    "status" : "generated",
    "div" : "<div xmlns=\"http://www.w3.org/1999/xhtml\"><p class=\"res-header-id\"><b>Generated Narrative: Immunization immunization-bcg</b></p><a name=\"immunization-bcg\"> </a><a name=\"hcimmunization-bcg\"> </a><p><b>status</b>: Completed</p><p><b>vaccineCode</b>: <span title=\"Codes:{http://snomed.info/sct 390840006}\">BCG Vaccine</span></p><p><b>lotNumber</b>: BCG2021A</p><p><b>patient</b>: <a href=\"Patient-patient-child.html\">Suman Thapa  Male, DoB: 2024-08-10 ( Person System ID:\u00a0SYS-005678\u00a0(use:\u00a0usual,\u00a0))</a></p><p><b>encounter</b>: <a href=\"Encounter/bcg-admin-1\">Encounter/bcg-admin-1</a></p><p><b>occurrence</b>: 2025-08-01 09:57:34+0000</p><p><b>primarySource</b>: true</p><p><b>location</b>: <a href=\"Location-location-bhsc.html\">Location Basic Health Service Center, Tokha</a></p><p><b>site</b>: <span title=\"Codes:{http://snomed.info/sct 368209003}\">Right upper arm</span></p></div>"
  },
  "status" : "completed",
  "vaccineCode" : {
    "coding" : [{
      "system" : "http://snomed.info/sct",
      "code" : "390840006",
      "display" : "Bacillus Calmette-Guérin vaccine"
    }],
    "text" : "BCG Vaccine"
  },
  "lotNumber" : "BCG2021A",
  "patient" : {
    "reference" : "Patient/patient-child"
  },
  "encounter" : {
    "reference" : "Encounter/bcg-admin-1"
  },
  "occurrenceDateTime" : "2025-08-01T09:57:34.2112Z",
  "primarySource" : true,
  "location" : {
    "reference" : "Location/location-bhsc"
  },
  "site" : {
    "coding" : [{
      "system" : "http://snomed.info/sct",
      "code" : "368209003",
      "display" : "Structure of right upper arm"
    }],
    "text" : "Right upper arm"
  }
}