<?xml version="1.0" encoding="UTF-8"?>

<Immunization xmlns="http://hl7.org/fhir">
  <id value="immunization-hpv"/>
  <text>
    <status value="generated"/><div xmlns="http://www.w3.org/1999/xhtml"><p class="res-header-id"><b>Generated Narrative: Immunization immunization-hpv</b></p><a name="immunization-hpv"> </a><a name="hcimmunization-hpv"> </a><p><b>status</b>: Completed</p><p><b>vaccineCode</b>: <span title="Codes:{http://snomed.info/sct 44993004}">HPV Vaccine</span></p><p><b>patient</b>: <a href="Patient/example">Patient/example</a></p><p><b>encounter</b>: <a href="Encounter/hpv-admin-1">Encounter/hpv-admin-1</a></p><p><b>occurrence</b>: 2025-08-01</p><p><b>primarySource</b>: true</p></div>
  </text>
  <status value="completed"/>
  <vaccineCode>
    <coding>
      <system value="http://snomed.info/sct"/>
      <code value="44993004"/>
      <display value="Human papillomavirus vaccine"/>
    </coding>
    <text value="HPV Vaccine"/>
  </vaccineCode>
  <patient>
    <reference value="Patient/example"/>
  </patient>
  <encounter>
    <reference value="Encounter/hpv-admin-1"/>
  </encounter>
  <occurrenceDateTime value="2025-08-01"/>
  <primarySource value="true"/>
</Immunization>