{
  "resourceType" : "Immunization",
  "id" : "immunization-opv",
  "text" : {
    "status" : "generated",
    "div" : "<div xmlns=\"http://www.w3.org/1999/xhtml\"><p class=\"res-header-id\"><b>Generated Narrative: Immunization immunization-opv</b></p><a name=\"immunization-opv\"> </a><a name=\"hcimmunization-opv\"> </a><p><b>status</b>: Completed</p><p><b>vaccineCode</b>: <span title=\"Codes:{http://snomed.info/sct 871740003}\">Oral Polio Vaccine (OPV)</span></p><p><b>patient</b>: <a href=\"Patient/example\">Patient/example</a></p><p><b>encounter</b>: <a href=\"Encounter/opv-admin-1\">Encounter/opv-admin-1</a></p><p><b>occurrence</b>: 2025-08-01</p><p><b>primarySource</b>: true</p><p><b>location</b>: <a href=\"Location/clinic-abc\">Location/clinic-abc</a></p></div>"
  },
  "status" : "completed",
  "vaccineCode" : {
    "coding" : [{
      "system" : "http://snomed.info/sct",
      "code" : "871740003",
      "display" : "Live attenuated poliomyelitis vaccine"
    }],
    "text" : "Oral Polio Vaccine (OPV)"
  },
  "patient" : {
    "reference" : "Patient/example"
  },
  "encounter" : {
    "reference" : "Encounter/opv-admin-1"
  },
  "occurrenceDateTime" : "2025-08-01",
  "primarySource" : true,
  "location" : {
    "reference" : "Location/clinic-abc"
  }
}