<?xml version="1.0" encoding="UTF-8"?>

<Immunization xmlns="http://hl7.org/fhir">
  <id value="immunization-opv"/>
  <meta>
    <profile value="https://fhir.hmis.gov.np/StructureDefinition/np-core-immunization"/>
  </meta>
  <text>
    <status value="generated"/><div xmlns="http://www.w3.org/1999/xhtml"><p class="res-header-id"><b>Generated Narrative: Immunization immunization-opv</b></p><a name="immunization-opv"> </a><a name="hcimmunization-opv"> </a><div style="display: inline-block; background-color: #d9e0e7; padding: 6px; margin: 4px; border: 1px solid #8da1b4; border-radius: 5px; line-height: 60%"><p style="margin-bottom: 0px"/><p style="margin-bottom: 0px">Profile: <a href="StructureDefinition-np-core-immunization.html">NP Core Immunization Profile</a></p></div><p><b>status</b>: Completed</p><p><b>vaccineCode</b>: <span title="Codes:{http://snomed.info/sct 1051000221104}">Oral Polio Vaccine (OPV)</span></p><p><b>patient</b>: <a href="Patient-patient-child.html">Suman Thapa(official) Male, DoB: 2024-08-10 ( https://tokha.dhis2mis.org/NamingSystem/SystemID#SYS-c001234 (use: usual, ))</a></p><p><b>occurrence</b>: 2025-08-01</p></div>
  </text>
  <status value="completed"/>
  <vaccineCode>
    <coding>
      <system value="http://snomed.info/sct"/>
      <code value="1051000221104"/>
      <display value="Live attenuated poliomyelitis vaccine"/>
    </coding>
    <text value="Oral Polio Vaccine (OPV)"/>
  </vaccineCode>
  <patient>
    <reference value="Patient/patient-child"/>
  </patient>
  <occurrenceDateTime value="2025-08-01"/>
</Immunization>