<?xml version="1.0" encoding="UTF-8"?>

<Immunization xmlns="http://hl7.org/fhir">
  <id value="immunization-pcv"/>
  <text>
    <status value="generated"/><div xmlns="http://www.w3.org/1999/xhtml"><p class="res-header-id"><b>Generated Narrative: Immunization immunization-pcv</b></p><a name="immunization-pcv"> </a><a name="hcimmunization-pcv"> </a><p><b>status</b>: Completed</p><p><b>vaccineCode</b>: <span title="Codes:{http://snomed.info/sct 1801000221105}">PCV Vaccine</span></p><p><b>patient</b>: <a href="Patient/example">Patient/example</a></p><p><b>encounter</b>: <a href="Encounter/pcv-admin-1">Encounter/pcv-admin-1</a></p><p><b>occurrence</b>: 2025-08-01</p><p><b>primarySource</b>: true</p><p><b>location</b>: <a href="Location/clinic-abc">Location/clinic-abc</a></p></div>
  </text>
  <status value="completed"/>
  <vaccineCode>
    <coding>
      <system value="http://snomed.info/sct"/>
      <code value="1801000221105"/>
      <display value="Pneumococcal conjugate vaccine"/>
    </coding>
    <text value="PCV Vaccine"/>
  </vaccineCode>
  <patient>
    <reference value="Patient/example"/>
  </patient>
  <encounter>
    <reference value="Encounter/pcv-admin-1"/>
  </encounter>
  <occurrenceDateTime value="2025-08-01"/>
  <primarySource value="true"/>
  <location>
    <reference value="Location/clinic-abc"/>
  </location>
</Immunization>