{
  "resourceType" : "Immunization",
  "id" : "immunization-hpv",
  "text" : {
    "status" : "generated",
    "div" : "<div xmlns=\"http://www.w3.org/1999/xhtml\"><p class=\"res-header-id\"><b>Generated Narrative: Immunization immunization-hpv</b></p><a name=\"immunization-hpv\"> </a><a name=\"hcimmunization-hpv\"> </a><p><b>status</b>: Completed</p><p><b>vaccineCode</b>: <span title=\"Codes:{http://snomed.info/sct 44993004}\">HPV Vaccine</span></p><p><b>patient</b>: <a href=\"Patient/example\">Patient/example</a></p><p><b>encounter</b>: <a href=\"Encounter/hpv-admin-1\">Encounter/hpv-admin-1</a></p><p><b>occurrence</b>: 2025-08-01</p><p><b>primarySource</b>: true</p></div>"
  },
  "status" : "completed",
  "vaccineCode" : {
    "coding" : [{
      "system" : "http://snomed.info/sct",
      "code" : "44993004",
      "display" : "Human papillomavirus vaccine"
    }],
    "text" : "HPV Vaccine"
  },
  "patient" : {
    "reference" : "Patient/example"
  },
  "encounter" : {
    "reference" : "Encounter/hpv-admin-1"
  },
  "occurrenceDateTime" : "2025-08-01",
  "primarySource" : true
}