{
  "resourceType" : "Immunization",
  "id" : "immunization-dpt",
  "text" : {
    "status" : "generated",
    "div" : "<div xmlns=\"http://www.w3.org/1999/xhtml\"><p class=\"res-header-id\"><b>Generated Narrative: Immunization immunization-dpt</b></p><a name=\"immunization-dpt\"> </a><a name=\"hcimmunization-dpt\"> </a><p><b>status</b>: Completed</p><p><b>vaccineCode</b>: <span title=\"Codes:{http://snomed.info/sct 58050006}\">DPT Vaccine</span></p><p><b>patient</b>: <a href=\"Patient/example\">Patient/example</a></p><p><b>encounter</b>: <a href=\"Encounter/dpt-admin-1\">Encounter/dpt-admin-1</a></p><p><b>occurrence</b>: 2025-08-01</p><p><b>primarySource</b>: true</p><p><b>location</b>: <a href=\"Location/clinic-abc\">Location/clinic-abc</a></p></div>"
  },
  "status" : "completed",
  "vaccineCode" : {
    "coding" : [{
      "system" : "http://snomed.info/sct",
      "code" : "58050006",
      "display" : "Diphtheria + pertussis + tetanus vaccine"
    }],
    "text" : "DPT Vaccine"
  },
  "patient" : {
    "reference" : "Patient/example"
  },
  "encounter" : {
    "reference" : "Encounter/dpt-admin-1"
  },
  "occurrenceDateTime" : "2025-08-01",
  "primarySource" : true,
  "location" : {
    "reference" : "Location/clinic-abc"
  }
}