<?xml version="1.0" encoding="UTF-8"?>

<Immunization xmlns="http://hl7.org/fhir">
  <id value="immunization-td"/>
  <text>
    <status value="generated"/><div xmlns="http://www.w3.org/1999/xhtml"><p class="res-header-id"><b>Generated Narrative: Immunization immunization-td</b></p><a name="immunization-td"> </a><a name="hcimmunization-td"> </a><p><b>status</b>: Completed</p><p><b>vaccineCode</b>: <span title="Codes:{http://snomed.info/sct 871826000}">Td Vaccine</span></p><p><b>patient</b>: <a href="Patient/example">Patient/example</a></p><p><b>encounter</b>: <a href="Encounter/td-admin-1">Encounter/td-admin-1</a></p><p><b>occurrence</b>: 2025-08-01 09:57:34+0000</p><p><b>primarySource</b>: true</p><p><b>location</b>: <a href="Location/clinic-abc">Location/clinic-abc</a></p></div>
  </text>
  <status value="completed"/>
  <vaccineCode>
    <coding>
      <system value="http://snomed.info/sct"/>
      <code value="871826000"/>
      <display value="Tetanus and diphtheria toxoid vaccine"/>
    </coding>
    <text value="Td Vaccine"/>
  </vaccineCode>
  <patient>
    <reference value="Patient/example"/>
  </patient>
  <encounter>
    <reference value="Encounter/td-admin-1"/>
  </encounter>
  <occurrenceDateTime value="2025-08-01T09:57:34.2112Z"/>
  <primarySource value="true"/>
  <location>
    <reference value="Location/clinic-abc"/>
  </location>
</Immunization>