<?xml version="1.0" encoding="UTF-8"?>

<Location xmlns="http://hl7.org/fhir">
  <id value="ExampleLocation"/>
  <meta>
    <profile value="https://hl7.hmis.gov.np/StructureDefinition/location-ehmis"/>
  </meta>
  <text>
    <status value="generated"/><div xmlns="http://www.w3.org/1999/xhtml"><p class="res-header-id"><b>Generated Narrative: Location ExampleLocation</b></p><a name="ExampleLocation"> </a><a name="hcExampleLocation"> </a><div style="display: inline-block; background-color: #d9e0e7; padding: 6px; margin: 4px; border: 1px solid #8da1b4; border-radius: 5px; line-height: 60%"><p style="margin-bottom: 0px"/><p style="margin-bottom: 0px">Profile: <a href="StructureDefinition-location-ehmis.html">Location Profile for EHMIS</a></p></div><p><b>name</b>: Health Post 12, Sunsari</p><p><b>type</b>: <span title="Codes:{http://terminology.hl7.org/CodeSystem/v3-RoleCode HOSP}">Hospital</span></p><p><b>address</b>: Ward No. 5 Inaruwa Province 1 56700 </p><p><b>managingOrganization</b>: <a href="Organization/example-org">Organization/example-org</a></p></div>
  </text>
  <name value="Health Post 12, Sunsari"/>
  <type>
    <coding>
      <system value="http://terminology.hl7.org/CodeSystem/v3-RoleCode"/>
      <code value="HOSP"/>
    </coding>
  </type>
  <address>
    <line value="Ward No. 5"/>
    <city value="Inaruwa"/>
    <district value="Sunsari"/>
    <state value="Province 1"/>
    <postalCode value="56700"/>
  </address>
  <managingOrganization>
    <reference value="Organization/example-org"/>
  </managingOrganization>
</Location>