{
  "resourceType" : "Observation",
  "id" : "observation-child-weight",
  "text" : {
    "status" : "generated",
    "div" : "<div xmlns=\"http://www.w3.org/1999/xhtml\"><p class=\"res-header-id\"><b>Generated Narrative: Observation observation-child-weight</b></p><a name=\"observation-child-weight\"> </a><a name=\"hcobservation-child-weight\"> </a><p><b>status</b>: Final</p><p><b>category</b>: <span title=\"Codes:{http://terminology.hl7.org/CodeSystem/observation-category vital-signs}\">Vital Signs</span></p><p><b>code</b>: <span title=\"Codes:{http://snomed.info/sct 27113001}\">Body weight</span></p><p><b>subject</b>: <a href=\"Patient/example\">Patient/example</a></p><p><b>effective</b>: 2025-08-13 10:00:00+0000</p><p><b>value</b>: 12.5 kg<span style=\"background: LightGoldenRodYellow\"> (Details: UCUM  codekg = 'kg')</span></p></div>"
  },
  "status" : "final",
  "category" : [{
    "coding" : [{
      "system" : "http://terminology.hl7.org/CodeSystem/observation-category",
      "code" : "vital-signs",
      "display" : "Vital Signs"
    }]
  }],
  "code" : {
    "coding" : [{
      "system" : "http://snomed.info/sct",
      "code" : "27113001",
      "display" : "Body weight"
    }]
  },
  "subject" : {
    "reference" : "Patient/example"
  },
  "effectiveDateTime" : "2025-08-13T10:00:00Z",
  "valueQuantity" : {
    "value" : 12.5,
    "unit" : "kg",
    "system" : "http://unitsofmeasure.org",
    "code" : "kg"
  }
}