{
  "resourceType" : "Patient",
  "id" : "ExamplePatient",
  "meta" : {
    "profile" : ["https://hl7.hmis.gov.np/StructureDefinition/patient-ehmis"]
  },
  "text" : {
    "status" : "generated",
    "div" : "<div xmlns=\"http://www.w3.org/1999/xhtml\"><p class=\"res-header-id\"><b>Generated Narrative: Patient ExamplePatient</b></p><a name=\"ExamplePatient\"> </a><a name=\"hcExamplePatient\"> </a><div style=\"display: inline-block; background-color: #d9e0e7; padding: 6px; margin: 4px; border: 1px solid #8da1b4; border-radius: 5px; line-height: 60%\"><p style=\"margin-bottom: 0px\"/><p style=\"margin-bottom: 0px\">Profile: <a href=\"StructureDefinition-patient-ehmis.html\">Patient Profile for EHMIS</a></p></div><p style=\"border: 1px #661aff solid; background-color: #e6e6ff; padding: 10px;\">Sita Gurung  Female, DoB: 1992-05-14 ( P-2025-0001)</p><hr/><table class=\"grid\"><tr><td style=\"background-color: #f3f5da\" title=\"Ways to contact the Patient\">Contact Detail</td><td colspan=\"3\">House No. 123 Pokhara Gandaki Province 33700 </td></tr></table></div>"
  },
  "identifier" : [{
    "value" : "P-2025-0001"
  }],
  "name" : [{
    "family" : "Gurung",
    "given" : ["Sita"]
  }],
  "gender" : "female",
  "birthDate" : "1992-05-14",
  "address" : [{
    "line" : ["House No. 123"],
    "city" : "Pokhara",
    "district" : "Kaski",
    "state" : "Gandaki Province",
    "postalCode" : "33700"
  }]
}