<?xml version="1.0" encoding="UTF-8"?>

<Patient xmlns="http://hl7.org/fhir">
  <id value="patient-child"/>
  <meta>
    <profile value="https://fhir.hmis.gov.np/StructureDefinition/np-core-patient"/>
  </meta>
  <text>
    <status value="generated"/><div xmlns="http://www.w3.org/1999/xhtml"><p class="res-header-id"><b>Generated Narrative: Patient patient-child</b></p><a name="patient-child"> </a><a name="hcpatient-child"> </a><div style="display: inline-block; background-color: #d9e0e7; padding: 6px; margin: 4px; border: 1px solid #8da1b4; border-radius: 5px; line-height: 60%"><p style="margin-bottom: 0px"/><p style="margin-bottom: 0px">Profile: <a href="StructureDefinition-np-core-patient.html">NP Core Patient Profile</a></p></div><p style="border: 1px #661aff solid; background-color: #e6e6ff; padding: 10px;">Suman Thapa(official) Male, DoB: 2024-08-10 ( https://tokha.dhis2mis.org/NamingSystem/SystemID#SYS-c001234 (use: usual, ))</p><hr/><table class="grid"><tr><td style="background-color: #f3f5da" title="Record is active">Active:</td><td colspan="3">true</td></tr><tr><td style="background-color: #f3f5da" title="Other Ids (see the one above)">Other Ids:</td><td colspan="3"><ul><li><code>https://fhir.hmis.gov.np/NamingSystem/national-id</code>/c1234567890 (use: official, )</li><li><code>https://fhir.hmis.gov.np/NamingSystem/HealthID</code>/c1234567890 (use: official, )</li><li><code>https://tokha.dhis2mis.org/NamingSystem/CustomeID</code>/MD-c98765 (use: secondary, )</li></ul></td></tr><tr><td style="background-color: #f3f5da" title="Ways to contact the Patient">Contact Detail</td><td colspan="3"><ul><li><a href="tel:+9779801234567">+9779801234567</a></li><li></li></ul></td></tr></table></div>
  </text>
  <extension url="http://fhir.hmis.gov.np/CodeSystem/ethnic-code">
    <valueCoding>
      <system value="http://fhir.hmis.gov.np/CodeSystem/ethnic-code"/>
      <code value="2"/>
      <display value="Janajati"/>
    </valueCoding>
  </extension>
  <identifier>
    <use value="official"/>
    <system value="https://fhir.hmis.gov.np/NamingSystem/national-id"/>
    <value value="c1234567890"/>
  </identifier>
  <identifier>
    <use value="official"/>
    <system value="https://fhir.hmis.gov.np/NamingSystem/HealthID"/>
    <value value="c1234567890"/>
  </identifier>
  <identifier>
    <use value="usual"/>
    <system value="https://tokha.dhis2mis.org/NamingSystem/SystemID"/>
    <value value="SYS-c001234"/>
  </identifier>
  <identifier>
    <use value="secondary"/>
    <system value="https://tokha.dhis2mis.org/NamingSystem/CustomeID"/>
    <value value="MD-c98765"/>
  </identifier>
  <active value="true"/>
  <name>
    <use value="official"/>
    <text value="Suman Thapa"/>
    <family value="Thapa"/>
    <given value="Suman"/>
  </name>
  <telecom>
    <system value="phone"/>
    <value value="+9779801234567"/>
    <use value="mobile"/>
  </telecom>
  <gender value="male"/>
  <birthDate value="2024-08-10"/>
  <address>
    <extension url="https://fhir.hmis.gov.np/StructureDefinition/NepalAddress"/>
    <extension url="https://fhir.hmis.gov.np/StructureDefinition/NepalAddress">
      <extension url="province">
        <extension url="code">
          <valueCodeableConcept>
            <coding>
              <system value="https://fhir.hmis.gov.np/ValueSet/province"/>
              <code value="3"/>
              <display value="Bagmati Province"/>
            </coding>
          </valueCodeableConcept>
        </extension>
      </extension>
      <extension url="district">
        <extension url="code">
          <valueCodeableConcept>
            <coding>
              <system value="https://fhir.hmis.gov.np/ValueSet/district"/>
              <code value="309"/>
              <display value="Kathmandu"/>
            </coding>
          </valueCodeableConcept>
        </extension>
      </extension>
      <extension url="localBody">
        <extension url="code">
          <valueCodeableConcept>
            <coding>
              <system value="https://fhir.hmis.gov.np/ValueSet/localbody"/>
              <code value="30608"/>
              <display value="Kathmandu Metropolitan City"/>
            </coding>
          </valueCodeableConcept>
        </extension>
      </extension>
      <extension url="ward">
        <extension url="code">
          <valueInteger value="12"/>
        </extension>
        <extension url="text">
          <valueString value="Ward No. 12"/>
        </extension>
      </extension>
    </extension>
  </address>
</Patient>