<?xml version="1.0" encoding="UTF-8"?>

<ValueSet xmlns="http://hl7.org/fhir">
  <id value="administrative-gender"/>
  <text>
    <status value="generated"/><div xmlns="http://www.w3.org/1999/xhtml"><p class="res-header-id"><b>Generated Narrative: ValueSet administrative-gender</b></p><a name="administrative-gender"> </a><a name="hcadministrative-gender"> </a><ul><li>Include all codes defined in <a href="http://hl7.org/fhir/R5/codesystem-administrative-gender.html"><code>http://hl7.org/fhir/administrative-gender</code></a></li></ul></div>
  </text>
  <url value="http://example.org/fhir/ValueSet/administrative-gender-vs"/>
  <version value="0.0.1-ballot"/>
  <name value="AdministrativeGenderVS"/>
  <title value="Administrative Gender"/>
  <status value="active"/>
  <date value="2025-08-14T18:06:03+05:45"/>
  <publisher value="Integrated Health Information Management Section"/>
  <contact>
    <name value="Integrated Health Information Management Section"/>
    <telecom>
      <system value="url"/>
      <value value="https://hmis.gov.np"/>
    </telecom>
    <telecom>
      <system value="email"/>
      <value value="it@hmis.gov.np"/>
    </telecom>
  </contact>
  <contact>
    <name value="RC Poudel"/>
    <telecom>
      <system value="email"/>
      <value value="rcpoudel@amakomaya.com"/>
    </telecom>
    <telecom>
      <system value="email"/>
      <value value="rmchndrapdl@gmail.com"/>
    </telecom>
    <telecom>
      <system value="phone"/>
      <value value="+977-9851341921"/>
    </telecom>
  </contact>
  <description value="A value set containing administrative gender codes from the FHIR core."/>
  <jurisdiction>
    <coding>
      <system value="urn:iso:std:iso:3166"/>
      <code value="NP"/>
      <display value="Nepal"/>
    </coding>
  </jurisdiction>
  <copyright value="Used by permission of HL7 International, all rights reserved Creative Commons License"/>
  <compose>
    <include>
      <system value="http://hl7.org/fhir/administrative-gender"/>
    </include>
  </compose>
</ValueSet>