{
  "resourceType" : "ValueSet",
  "id" : "district",
  "text" : {
    "status" : "generated",
    "div" : "<div xmlns=\"http://www.w3.org/1999/xhtml\"><p class=\"res-header-id\"><b>Generated Narrative: ValueSet district</b></p><a name=\"district\"> </a><a name=\"hcdistrict\"> </a><ul><li>Include these codes as defined in <a href=\"CodeSystem-locations.html\"><code>https://fhir.hmis.gov.np/CodeSystem/locations</code></a><table class=\"none\"><tr><td style=\"white-space:nowrap\"><b>Code</b></td><td><b>Display</b></td></tr><tr><td><a href=\"CodeSystem-locations.html#locations-106\">106</a></td><td style=\"color: #cccccc\">Bhojpur</td></tr><tr><td><a href=\"CodeSystem-locations.html#locations-107\">107</a></td><td style=\"color: #cccccc\">Dhankuta</td></tr><tr><td><a href=\"CodeSystem-locations.html#locations-110\">110</a></td><td style=\"color: #cccccc\">Ilam</td></tr><tr><td><a href=\"CodeSystem-locations.html#locations-111\">111</a></td><td style=\"color: #cccccc\">Jhapa</td></tr><tr><td><a href=\"CodeSystem-locations.html#locations-105\">105</a></td><td style=\"color: #cccccc\">Khotang</td></tr><tr><td><a href=\"CodeSystem-locations.html#locations-112\">112</a></td><td style=\"color: #cccccc\">Morang</td></tr><tr><td><a href=\"CodeSystem-locations.html#locations-104\">104</a></td><td style=\"color: #cccccc\">Okhaldhunga</td></tr><tr><td><a href=\"CodeSystem-locations.html#locations-109\">109</a></td><td style=\"color: #cccccc\">Panchthar</td></tr><tr><td><a href=\"CodeSystem-locations.html#locations-102\">102</a></td><td style=\"color: #cccccc\">Sankhuwasabha</td></tr><tr><td><a href=\"CodeSystem-locations.html#locations-103\">103</a></td><td style=\"color: #cccccc\">Solukhumbu</td></tr><tr><td><a href=\"CodeSystem-locations.html#locations-113\">113</a></td><td style=\"color: #cccccc\">Sunsari</td></tr><tr><td><a href=\"CodeSystem-locations.html#locations-101\">101</a></td><td style=\"color: #cccccc\">Taplejung</td></tr><tr><td><a href=\"CodeSystem-locations.html#locations-108\">108</a></td><td style=\"color: #cccccc\">Terhathum</td></tr><tr><td><a href=\"CodeSystem-locations.html#locations-114\">114</a></td><td style=\"color: #cccccc\">Udayapur</td></tr><tr><td><a href=\"CodeSystem-locations.html#locations-207\">207</a></td><td style=\"color: #cccccc\">Bara</td></tr><tr><td><a href=\"CodeSystem-locations.html#locations-203\">203</a></td><td style=\"color: #cccccc\">Dhanusa</td></tr><tr><td><a href=\"CodeSystem-locations.html#locations-204\">204</a></td><td style=\"color: #cccccc\">Mahottari</td></tr><tr><td><a href=\"CodeSystem-locations.html#locations-208\">208</a></td><td style=\"color: #cccccc\">Parsa</td></tr><tr><td><a href=\"CodeSystem-locations.html#locations-206\">206</a></td><td style=\"color: #cccccc\">Rautahat</td></tr><tr><td><a href=\"CodeSystem-locations.html#locations-201\">201</a></td><td style=\"color: #cccccc\">Saptari</td></tr><tr><td><a href=\"CodeSystem-locations.html#locations-205\">205</a></td><td style=\"color: #cccccc\">Sarlahi</td></tr><tr><td><a href=\"CodeSystem-locations.html#locations-202\">202</a></td><td style=\"color: #cccccc\">Siraha</td></tr><tr><td><a href=\"CodeSystem-locations.html#locations-307\">307</a></td><td style=\"color: #cccccc\">Bhaktapur</td></tr><tr><td><a href=\"CodeSystem-locations.html#locations-313\">313</a></td><td style=\"color: #cccccc\">Chitwan</td></tr><tr><td><a href=\"CodeSystem-locations.html#locations-304\">304</a></td><td style=\"color: #cccccc\">Dhading</td></tr><tr><td><a href=\"CodeSystem-locations.html#locations-301\">301</a></td><td style=\"color: #cccccc\">Dolakha</td></tr><tr><td><a href=\"CodeSystem-locations.html#locations-306\">306</a></td><td style=\"color: #cccccc\">Kathmandu</td></tr><tr><td><a href=\"CodeSystem-locations.html#locations-309\">309</a></td><td style=\"color: #cccccc\">Kavrepalanchok</td></tr><tr><td><a href=\"CodeSystem-locations.html#locations-308\">308</a></td><td style=\"color: #cccccc\">Lalitpur</td></tr><tr><td><a href=\"CodeSystem-locations.html#locations-312\">312</a></td><td style=\"color: #cccccc\">Makwanpur</td></tr><tr><td><a href=\"CodeSystem-locations.html#locations-305\">305</a></td><td style=\"color: #cccccc\">Nuwakot</td></tr><tr><td><a href=\"CodeSystem-locations.html#locations-310\">310</a></td><td style=\"color: #cccccc\">Ramechhap</td></tr><tr><td><a href=\"CodeSystem-locations.html#locations-303\">303</a></td><td style=\"color: #cccccc\">Rasuwa</td></tr><tr><td><a href=\"CodeSystem-locations.html#locations-311\">311</a></td><td style=\"color: #cccccc\">Sindhuli</td></tr><tr><td><a href=\"CodeSystem-locations.html#locations-302\">302</a></td><td style=\"color: #cccccc\">Sindhupalchok</td></tr><tr><td><a href=\"CodeSystem-locations.html#locations-411\">411</a></td><td style=\"color: #cccccc\">Baglung</td></tr><tr><td><a href=\"CodeSystem-locations.html#locations-401\">401</a></td><td style=\"color: #cccccc\">Gorkha</td></tr><tr><td><a href=\"CodeSystem-locations.html#locations-405\">405</a></td><td style=\"color: #cccccc\">Kaski</td></tr><tr><td><a href=\"CodeSystem-locations.html#locations-406\">406</a></td><td style=\"color: #cccccc\">Lamjung</td></tr><tr><td><a href=\"CodeSystem-locations.html#locations-402\">402</a></td><td style=\"color: #cccccc\">Manang</td></tr><tr><td><a href=\"CodeSystem-locations.html#locations-403\">403</a></td><td style=\"color: #cccccc\">Mustang</td></tr><tr><td><a href=\"CodeSystem-locations.html#locations-404\">404</a></td><td style=\"color: #cccccc\">Myagdi</td></tr><tr><td><a href=\"CodeSystem-locations.html#locations-408\">408</a></td><td style=\"color: #cccccc\">Nawalparasi East</td></tr><tr><td><a href=\"CodeSystem-locations.html#locations-410\">410</a></td><td style=\"color: #cccccc\">Parbat</td></tr><tr><td><a href=\"CodeSystem-locations.html#locations-409\">409</a></td><td style=\"color: #cccccc\">Syangja</td></tr><tr><td><a href=\"CodeSystem-locations.html#locations-407\">407</a></td><td style=\"color: #cccccc\">Tanahu</td></tr><tr><td><a href=\"CodeSystem-locations.html#locations-505\">505</a></td><td style=\"color: #cccccc\">Arghakhanchi</td></tr><tr><td><a href=\"CodeSystem-locations.html#locations-511\">511</a></td><td style=\"color: #cccccc\">Banke</td></tr><tr><td><a href=\"CodeSystem-locations.html#locations-512\">512</a></td><td style=\"color: #cccccc\">Bardiya</td></tr><tr><td><a href=\"CodeSystem-locations.html#locations-510\">510</a></td><td style=\"color: #cccccc\">Dang</td></tr><tr><td><a href=\"CodeSystem-locations.html#locations-504\">504</a></td><td style=\"color: #cccccc\">Gulmi</td></tr><tr><td><a href=\"CodeSystem-locations.html#locations-509\">509</a></td><td style=\"color: #cccccc\">Kapilbastu</td></tr><tr><td><a href=\"CodeSystem-locations.html#locations-507\">507</a></td><td style=\"color: #cccccc\">Nawalparasi West</td></tr><tr><td><a href=\"CodeSystem-locations.html#locations-506\">506</a></td><td style=\"color: #cccccc\">Palpa</td></tr><tr><td><a href=\"CodeSystem-locations.html#locations-503\">503</a></td><td style=\"color: #cccccc\">Pyuthan</td></tr><tr><td><a href=\"CodeSystem-locations.html#locations-502\">502</a></td><td style=\"color: #cccccc\">Rolpa</td></tr><tr><td><a href=\"CodeSystem-locations.html#locations-501\">501</a></td><td style=\"color: #cccccc\">Rukum East</td></tr><tr><td><a href=\"CodeSystem-locations.html#locations-508\">508</a></td><td style=\"color: #cccccc\">Rupandehi</td></tr><tr><td><a href=\"CodeSystem-locations.html#locations-606\">606</a></td><td style=\"color: #cccccc\">Dailekh</td></tr><tr><td><a href=\"CodeSystem-locations.html#locations-601\">601</a></td><td style=\"color: #cccccc\">Dolpa</td></tr><tr><td><a href=\"CodeSystem-locations.html#locations-603\">603</a></td><td style=\"color: #cccccc\">Humla</td></tr><tr><td><a href=\"CodeSystem-locations.html#locations-607\">607</a></td><td style=\"color: #cccccc\">Jajarkot</td></tr><tr><td><a href=\"CodeSystem-locations.html#locations-604\">604</a></td><td style=\"color: #cccccc\">Jumla</td></tr><tr><td><a href=\"CodeSystem-locations.html#locations-605\">605</a></td><td style=\"color: #cccccc\">Kalikot</td></tr><tr><td><a href=\"CodeSystem-locations.html#locations-602\">602</a></td><td style=\"color: #cccccc\">Mugu</td></tr><tr><td><a href=\"CodeSystem-locations.html#locations-608\">608</a></td><td style=\"color: #cccccc\">Rukum West</td></tr><tr><td><a href=\"CodeSystem-locations.html#locations-609\">609</a></td><td style=\"color: #cccccc\">Salyan</td></tr><tr><td><a href=\"CodeSystem-locations.html#locations-610\">610</a></td><td style=\"color: #cccccc\">Surkhet</td></tr><tr><td><a href=\"CodeSystem-locations.html#locations-707\">707</a></td><td style=\"color: #cccccc\">Achham</td></tr><tr><td><a href=\"CodeSystem-locations.html#locations-704\">704</a></td><td style=\"color: #cccccc\">Baitadi</td></tr><tr><td><a href=\"CodeSystem-locations.html#locations-702\">702</a></td><td style=\"color: #cccccc\">Bajhang</td></tr><tr><td><a href=\"CodeSystem-locations.html#locations-701\">701</a></td><td style=\"color: #cccccc\">Bajura</td></tr><tr><td><a href=\"CodeSystem-locations.html#locations-705\">705</a></td><td style=\"color: #cccccc\">Dadeldhura</td></tr><tr><td><a href=\"CodeSystem-locations.html#locations-703\">703</a></td><td style=\"color: #cccccc\">Darchula</td></tr><tr><td><a href=\"CodeSystem-locations.html#locations-706\">706</a></td><td style=\"color: #cccccc\">Doti</td></tr><tr><td><a href=\"CodeSystem-locations.html#locations-708\">708</a></td><td style=\"color: #cccccc\">Kailali</td></tr><tr><td><a href=\"CodeSystem-locations.html#locations-709\">709</a></td><td style=\"color: #cccccc\">Kanchanpur</td></tr></table></li></ul></div>"
  },
  "url" : "https://fhir.hmis.gov.np/ValueSet/district",
  "version" : "0.0.1-ballot",
  "name" : "DistrictVS",
  "title" : "District",
  "status" : "active",
  "date" : "2025-08-29T13:54:08+05:45",
  "publisher" : "Integrated Health Information Management Section",
  "contact" : [{
    "name" : "Integrated Health Information Management Section",
    "telecom" : [{
      "system" : "url",
      "value" : "https://hmis.gov.np"
    },
    {
      "system" : "email",
      "value" : "it@hmis.gov.np"
    }]
  },
  {
    "name" : "RC Poudel",
    "telecom" : [{
      "system" : "email",
      "value" : "rcpoudel@amakomaya.com"
    },
    {
      "system" : "email",
      "value" : "rmchndrapdl@gmail.com"
    },
    {
      "system" : "phone",
      "value" : "+977-9851341921"
    }]
  }],
  "description" : "All district used in administrative divisions",
  "jurisdiction" : [{
    "coding" : [{
      "system" : "urn:iso:std:iso:3166",
      "code" : "NP"
    }]
  }],
  "copyright" : "Used by permission of HL7 International, all rights reserved Creative Commons License",
  "compose" : {
    "include" : [{
      "system" : "https://fhir.hmis.gov.np/CodeSystem/locations",
      "concept" : [{
        "code" : "106"
      },
      {
        "code" : "107"
      },
      {
        "code" : "110"
      },
      {
        "code" : "111"
      },
      {
        "code" : "105"
      },
      {
        "code" : "112"
      },
      {
        "code" : "104"
      },
      {
        "code" : "109"
      },
      {
        "code" : "102"
      },
      {
        "code" : "103"
      },
      {
        "code" : "113"
      },
      {
        "code" : "101"
      },
      {
        "code" : "108"
      },
      {
        "code" : "114"
      },
      {
        "code" : "207"
      },
      {
        "code" : "203"
      },
      {
        "code" : "204"
      },
      {
        "code" : "208"
      },
      {
        "code" : "206"
      },
      {
        "code" : "201"
      },
      {
        "code" : "205"
      },
      {
        "code" : "202"
      },
      {
        "code" : "307"
      },
      {
        "code" : "313"
      },
      {
        "code" : "304"
      },
      {
        "code" : "301"
      },
      {
        "code" : "306"
      },
      {
        "code" : "309"
      },
      {
        "code" : "308"
      },
      {
        "code" : "312"
      },
      {
        "code" : "305"
      },
      {
        "code" : "310"
      },
      {
        "code" : "303"
      },
      {
        "code" : "311"
      },
      {
        "code" : "302"
      },
      {
        "code" : "411"
      },
      {
        "code" : "401"
      },
      {
        "code" : "405"
      },
      {
        "code" : "406"
      },
      {
        "code" : "402"
      },
      {
        "code" : "403"
      },
      {
        "code" : "404"
      },
      {
        "code" : "408"
      },
      {
        "code" : "410"
      },
      {
        "code" : "409"
      },
      {
        "code" : "407"
      },
      {
        "code" : "505"
      },
      {
        "code" : "511"
      },
      {
        "code" : "512"
      },
      {
        "code" : "510"
      },
      {
        "code" : "504"
      },
      {
        "code" : "509"
      },
      {
        "code" : "507"
      },
      {
        "code" : "506"
      },
      {
        "code" : "503"
      },
      {
        "code" : "502"
      },
      {
        "code" : "501"
      },
      {
        "code" : "508"
      },
      {
        "code" : "606"
      },
      {
        "code" : "601"
      },
      {
        "code" : "603"
      },
      {
        "code" : "607"
      },
      {
        "code" : "604"
      },
      {
        "code" : "605"
      },
      {
        "code" : "602"
      },
      {
        "code" : "608"
      },
      {
        "code" : "609"
      },
      {
        "code" : "610"
      },
      {
        "code" : "707"
      },
      {
        "code" : "704"
      },
      {
        "code" : "702"
      },
      {
        "code" : "701"
      },
      {
        "code" : "705"
      },
      {
        "code" : "703"
      },
      {
        "code" : "706"
      },
      {
        "code" : "708"
      },
      {
        "code" : "709"
      }]
    }]
  }
}