<?xml version="1.0" encoding="UTF-8"?>

<ValueSet xmlns="http://hl7.org/fhir">
  <id value="service-area-address"/>
  <text>
    <status value="generated"/><div xmlns="http://www.w3.org/1999/xhtml"><p class="res-header-id"><b>Generated Narrative: ValueSet service-area-address</b></p><a name="service-area-address"> </a><a name="hcservice-area-address"> </a><ul><li>Include these codes as defined in <a href="http://www.snomed.org/"><code>http://snomed.info/sct</code></a><table class="none"><tr><td style="white-space:nowrap"><b>Code</b></td><td><b>Display</b></td></tr><tr><td><a href="http://snomed.info/id/255604002">255604002</a></td><td>Within organization's area</td></tr><tr><td><a href="http://snomed.info/id/255605001">255605001</a></td><td>Outside organization's area</td></tr><tr><td><a href="http://snomed.info/id/225294001">225294001</a></td><td>Health care facility (environment)</td></tr><tr><td><a href="http://snomed.info/id/44806009">44806009</a></td><td>Community health volunteer (वितरण स्थान)</td></tr><tr><td><a href="http://snomed.info/id/308335008">308335008</a></td><td>School (setting)</td></tr><tr><td><a href="http://snomed.info/id/394707004">394707004</a></td><td>Primary health care service</td></tr><tr><td><a href="http://snomed.info/id/308335005">308335005</a></td><td>Outpatient clinic (setting)</td></tr><tr><td><a href="http://snomed.info/id/440230006">440230006</a></td><td>Self referral / Self admission</td></tr><tr><td><a href="http://snomed.info/id/7080001">7080001</a></td><td>Special care unit</td></tr><tr><td><a href="http://snomed.info/id/390620009">390620009</a></td><td>Community health clinic</td></tr><tr><td><a href="http://snomed.info/id/408729009">408729009</a></td><td>Nutritional rehabilitation center</td></tr><tr><td><a href="http://snomed.info/id/265795009">265795009</a></td><td>Home</td></tr><tr><td><a href="http://snomed.info/id/309343006">309343006</a></td><td>Health care provider</td></tr><tr><td><a href="http://snomed.info/id/726919000">726919000</a></td><td>Family member (person)</td></tr><tr><td><a href="http://snomed.info/id/394814009">394814009</a></td><td>Pharmacy</td></tr><tr><td><a href="http://snomed.info/id/386661006">386661006</a></td><td>Telephone service</td></tr><tr><td><a href="http://snomed.info/id/225319003">225319003</a></td><td>Community (environment)</td></tr><tr><td><a href="http://snomed.info/id/308490002">308490002</a></td><td>Referral to service</td></tr><tr><td><a href="http://snomed.info/id/308489006">308489006</a></td><td>Referral from service</td></tr></table></li></ul></div>
  </text>
  <url value="https://hl7.hmis.gov.np/ValueSet/service-area-address"/>
  <version value="0.0.1-ballot"/>
  <name value="ServiceAreaAddressVS"/>
  <title value="Service Area Address Classification"/>
  <status value="active"/>
  <date value="2025-08-13T23:06:39+05:45"/>
  <publisher value="Integrated Health Information Management Section"/>
  <contact>
    <name value="Integrated Health Information Management Section"/>
    <telecom>
      <system value="url"/>
      <value value="https://hmis.gov.np"/>
    </telecom>
    <telecom>
      <system value="email"/>
      <value value="it@hmis.gov.np"/>
    </telecom>
  </contact>
  <contact>
    <name value="RC Poudel"/>
    <telecom>
      <system value="email"/>
      <value value="rcpoudel@amakomaya.com"/>
    </telecom>
    <telecom>
      <system value="email"/>
      <value value="rmchndrapdl@gmail.com"/>
    </telecom>
    <telecom>
      <system value="phone"/>
      <value value="+977-9851341921"/>
    </telecom>
  </contact>
  <description value="Classification of address locations relative to the organization's service area and referral context, using SNOMED CT concepts to specify whether the address is inside or outside the service area and the type of location involved."/>
  <jurisdiction>
    <coding>
      <system value="urn:iso:std:iso:3166"/>
      <code value="NP"/>
      <display value="Nepal"/>
    </coding>
  </jurisdiction>
  <copyright value="Used by permission of HL7 International, all rights reserved Creative Commons License"/>
  <compose>
    <include>
      <system value="http://snomed.info/sct"/>
      <concept>
        <code value="255604002"/>
        <display value="Within organization's area"/>
      </concept>
      <concept>
        <code value="255605001"/>
        <display value="Outside organization's area"/>
      </concept>
      <concept>
        <code value="225294001"/>
        <display value="Health care facility (environment)"/>
      </concept>
      <concept>
        <code value="44806009"/>
        <display value="Community health volunteer (वितरण स्थान)"/>
      </concept>
      <concept>
        <code value="308335008"/>
        <display value="School (setting)"/>
      </concept>
      <concept>
        <code value="394707004"/>
        <display value="Primary health care service"/>
      </concept>
      <concept>
        <code value="308335005"/>
        <display value="Outpatient clinic (setting)"/>
      </concept>
      <concept>
        <code value="440230006"/>
        <display value="Self referral / Self admission"/>
      </concept>
      <concept>
        <code value="7080001"/>
        <display value="Special care unit"/>
      </concept>
      <concept>
        <code value="390620009"/>
        <display value="Community health clinic"/>
      </concept>
      <concept>
        <code value="408729009"/>
        <display value="Nutritional rehabilitation center"/>
      </concept>
      <concept>
        <code value="265795009"/>
        <display value="Home"/>
      </concept>
      <concept>
        <code value="309343006"/>
        <display value="Health care provider"/>
      </concept>
      <concept>
        <code value="726919000"/>
        <display value="Family member (person)"/>
      </concept>
      <concept>
        <code value="394814009"/>
        <display value="Pharmacy"/>
      </concept>
      <concept>
        <code value="386661006"/>
        <display value="Telephone service"/>
      </concept>
      <concept>
        <code value="225319003"/>
        <display value="Community (environment)"/>
      </concept>
      <concept>
        <code value="308490002"/>
        <display value="Referral to service"/>
      </concept>
      <concept>
        <code value="308489006"/>
        <display value="Referral from service"/>
      </concept>
    </include>
  </compose>
</ValueSet>