{
  "resourceType" : "ValueSet",
  "id" : "employment-status",
  "text" : {
    "status" : "generated",
    "div" : "<div xmlns=\"http://www.w3.org/1999/xhtml\"><p class=\"res-header-id\"><b>Generated Narrative: ValueSet employment-status</b></p><a name=\"employment-status\"> </a><a name=\"hcemployment-status\"> </a><ul><li>Include these codes as defined in <a href=\"http://www.snomed.org/\"><code>http://snomed.info/sct</code></a><table class=\"none\"><tr><td style=\"white-space:nowrap\"><b>Code</b></td><td><b>Display</b></td></tr><tr><td><a href=\"http://snomed.info/id/73438004\">73438004</a></td><td>Unemployed</td></tr><tr><td><a href=\"http://snomed.info/id/224363007\">224363007</a></td><td>Employed</td></tr></table></li></ul></div>"
  },
  "url" : "https://fhir.hmis.gov.np/ValueSet/employment-status",
  "version" : "0.0.1-ballot",
  "name" : "EmploymentStatusVS",
  "title" : "Employment (रोजगारी स्थिति)",
  "status" : "active",
  "date" : "2025-09-08T06:44:10+05:45",
  "publisher" : "Integrated Health Information Management Section",
  "contact" : [{
    "name" : "Integrated Health Information Management Section",
    "telecom" : [{
      "system" : "url",
      "value" : "https://hmis.gov.np"
    },
    {
      "system" : "email",
      "value" : "it@hmis.gov.np"
    }]
  },
  {
    "name" : "RC Poudel",
    "telecom" : [{
      "system" : "email",
      "value" : "rcpoudel@amakomaya.com"
    },
    {
      "system" : "email",
      "value" : "rmchndrapdl@gmail.com"
    },
    {
      "system" : "phone",
      "value" : "+977-9851341921"
    }]
  }],
  "description" : "Codes representing employment status of a person.",
  "jurisdiction" : [{
    "coding" : [{
      "system" : "urn:iso:std:iso:3166",
      "code" : "NP"
    }]
  }],
  "copyright" : "Used by permission of HL7 International, all rights reserved Creative Commons License",
  "compose" : {
    "include" : [{
      "system" : "http://snomed.info/sct",
      "concept" : [{
        "code" : "73438004",
        "display" : "Unemployed"
      },
      {
        "code" : "224363007",
        "display" : "Employed"
      }]
    }]
  }
}