{
  "resourceType" : "ValueSet",
  "id" : "patient-registration-type",
  "text" : {
    "status" : "generated",
    "div" : "<div xmlns=\"http://www.w3.org/1999/xhtml\"><p class=\"res-header-id\"><b>Generated Narrative: ValueSet patient-registration-type</b></p><a name=\"patient-registration-type\"> </a><a name=\"hcpatient-registration-type\"> </a><ul><li>Include these codes as defined in <a href=\"http://www.snomed.org/\"><code>http://snomed.info/sct</code></a><table class=\"none\"><tr><td style=\"white-space:nowrap\"><b>Code</b></td><td><b>Display</b></td><td><b>ne</b></td></tr><tr><td><a href=\"http://snomed.info/id/185349003\">185349003</a></td><td>Initial encounter</td><td>नयाँ बिरामी</td></tr><tr><td><a href=\"http://snomed.info/id/308490002\">308490002</a></td><td>Referral to service</td><td>स्थानान्तरण</td></tr><tr><td><a href=\"http://snomed.info/id/428911000124109\">428911000124109</a></td><td>Re-admission (procedure)</td><td>पुनः भर्ना</td></tr><tr><td><a href=\"http://snomed.info/id/363346000\">363346000</a></td><td>Relapse of disease</td><td>पुनरावृत्ति</td></tr></table></li></ul></div>"
  },
  "url" : "https://hl7.hmis.gov.np/ValueSet/patient-registration-type",
  "version" : "0.0.1-ballot",
  "name" : "PatientRegistrationTypeVS",
  "title" : "Patient Registration Type",
  "status" : "active",
  "date" : "2025-08-10T13:33:39+05:45",
  "publisher" : "Integrated Health Information Management Section",
  "contact" : [{
    "name" : "Integrated Health Information Management Section",
    "telecom" : [{
      "system" : "url",
      "value" : "https://hmis.gov.np"
    },
    {
      "system" : "email",
      "value" : "it@hmis.gov.np"
    }]
  },
  {
    "name" : "RC Poudel",
    "telecom" : [{
      "system" : "email",
      "value" : "rcpoudel@amakomaya.com"
    },
    {
      "system" : "email",
      "value" : "rmchndrapdl@gmail.com"
    },
    {
      "system" : "phone",
      "value" : "+977-9851341921"
    }]
  }],
  "description" : "Patient registration types mapped to SNOMED CT concepts with Nepali display.",
  "jurisdiction" : [{
    "coding" : [{
      "system" : "urn:iso:std:iso:3166",
      "code" : "NP",
      "display" : "Nepal"
    }]
  }],
  "copyright" : "Used by permission of HL7 International, all rights reserved Creative Commons License",
  "compose" : {
    "include" : [{
      "system" : "http://snomed.info/sct",
      "concept" : [{
        "code" : "185349003",
        "display" : "Initial encounter",
        "designation" : [{
          "language" : "ne",
          "value" : "नयाँ बिरामी"
        }]
      },
      {
        "code" : "308490002",
        "display" : "Referral to service",
        "designation" : [{
          "language" : "ne",
          "value" : "स्थानान्तरण"
        }]
      },
      {
        "code" : "428911000124109",
        "display" : "Re-admission (procedure)",
        "designation" : [{
          "language" : "ne",
          "value" : "पुनः भर्ना"
        }]
      },
      {
        "code" : "363346000",
        "display" : "Relapse of disease",
        "designation" : [{
          "language" : "ne",
          "value" : "पुनरावृत्ति"
        }]
      }]
    }]
  }
}