{
  "resourceType" : "ValueSet",
  "id" : "visit-ordinal",
  "text" : {
    "status" : "generated",
    "div" : "<div xmlns=\"http://www.w3.org/1999/xhtml\"><p class=\"res-header-id\"><b>Generated Narrative: ValueSet visit-ordinal</b></p><a name=\"visit-ordinal\"> </a><a name=\"hcvisit-ordinal\"> </a><ul><li>Include these codes as defined in <a href=\"http://www.snomed.org/\"><code>http://snomed.info/sct</code></a><table class=\"none\"><tr><td style=\"white-space:nowrap\"><b>Code</b></td><td><b>Display</b></td></tr><tr><td><a href=\"http://snomed.info/id/185349003&quot;\">185349003&quot;</a></td><td>First Visit</td></tr><tr><td><a href=\"http://snomed.info/id/308335008\">308335008</a></td><td>Follow-up Visit</td></tr><tr><td><a href=\"http://snomed.info/id/308646001\">308646001</a></td><td>Subsequent Visit</td></tr></table></li></ul></div>"
  },
  "url" : "https://fhir.hmis.gov.np/ValueSet/visit-ordinal",
  "version" : "0.0.1-ballot",
  "name" : "VisitOrdinalVS",
  "title" : "Patient Visit Ordinal",
  "status" : "active",
  "date" : "2025-08-19T07:52:08+05:45",
  "publisher" : "Integrated Health Information Management Section",
  "contact" : [{
    "name" : "Integrated Health Information Management Section",
    "telecom" : [{
      "system" : "url",
      "value" : "https://hmis.gov.np"
    },
    {
      "system" : "email",
      "value" : "it@hmis.gov.np"
    }]
  },
  {
    "name" : "RC Poudel",
    "telecom" : [{
      "system" : "email",
      "value" : "rcpoudel@amakomaya.com"
    },
    {
      "system" : "email",
      "value" : "rmchndrapdl@gmail.com"
    },
    {
      "system" : "phone",
      "value" : "+977-9851341921"
    }]
  }],
  "description" : "ValueSet combining SNOMED CT codes for first and follow-up visits with local codes for second, third, and repeat visits.",
  "jurisdiction" : [{
    "coding" : [{
      "system" : "urn:iso:std:iso:3166",
      "code" : "NP",
      "display" : "Nepal"
    }]
  }],
  "copyright" : "Used by permission of HL7 International, all rights reserved Creative Commons License",
  "compose" : {
    "include" : [{
      "system" : "http://snomed.info/sct",
      "concept" : [{
        "code" : "185349003\"",
        "display" : "First Visit"
      },
      {
        "code" : "308335008",
        "display" : "Follow-up Visit"
      },
      {
        "code" : "308646001",
        "display" : "Subsequent Visit"
      }]
    }]
  }
}