<?xml version="1.0" encoding="UTF-8"?>

<ValueSet xmlns="http://hl7.org/fhir">
  <id value="service-area-address"/>
  <text>
    <status value="generated"/><div xmlns="http://www.w3.org/1999/xhtml"><p class="res-header-id"><b>Generated Narrative: ValueSet service-area-address</b></p><a name="service-area-address"> </a><a name="hcservice-area-address"> </a><ul><li>Include these codes as defined in <a href="http://www.snomed.org/"><code>http://snomed.info/sct</code></a><table class="none"><tr><td style="white-space:nowrap"><b>Code</b></td><td><b>Display</b></td></tr><tr><td><a href="http://snomed.info/id/257622000">257622000</a></td><td>Healthcare facility (environment)</td></tr><tr><td><a href="http://snomed.info/id/257698009">257698009</a></td><td>School (environment)</td></tr></table></li></ul></div>
  </text>
  <url value="https://fhir.hmis.gov.np/ValueSet/service-area-address"/>
  <version value="0.0.1-ballot"/>
  <name value="ServiceAreaAddressVS"/>
  <title value="Service Area Address Classification"/>
  <status value="active"/>
  <date value="2025-09-07T15:46:36+05:45"/>
  <publisher value="Integrated Health Information Management Section"/>
  <contact>
    <name value="Integrated Health Information Management Section"/>
    <telecom>
      <system value="url"/>
      <value value="https://hmis.gov.np"/>
    </telecom>
    <telecom>
      <system value="email"/>
      <value value="it@hmis.gov.np"/>
    </telecom>
  </contact>
  <contact>
    <name value="RC Poudel"/>
    <telecom>
      <system value="email"/>
      <value value="rcpoudel@amakomaya.com"/>
    </telecom>
    <telecom>
      <system value="email"/>
      <value value="rmchndrapdl@gmail.com"/>
    </telecom>
    <telecom>
      <system value="phone"/>
      <value value="+977-9851341921"/>
    </telecom>
  </contact>
  <description value="Classification of address locations relative to the organization's service area and referral context, using SNOMED CT concepts to specify whether the address is inside or outside the service area and the type of location involved."/>
  <jurisdiction>
    <coding>
      <system value="urn:iso:std:iso:3166"/>
      <code value="NP"/>
    </coding>
  </jurisdiction>
  <copyright value="Used by permission of HL7 International, all rights reserved Creative Commons License"/>
  <compose>
    <include>
      <system value="http://snomed.info/sct"/>
      <concept>
        <code value="257622000"/>
        <display value="Healthcare facility (environment)"/>
      </concept>
      <concept>
        <code value="257698009"/>
        <display value="School (environment)"/>
      </concept>
    </include>
  </compose>
</ValueSet>