<?xml version="1.0" encoding="UTF-8"?>

<ValueSet xmlns="http://hl7.org/fhir">
  <id value="employment-status"/>
  <text>
    <status value="generated"/><div xmlns="http://www.w3.org/1999/xhtml"><p class="res-header-id"><b>Generated Narrative: ValueSet employment-status</b></p><a name="employment-status"> </a><a name="hcemployment-status"> </a><ul><li>Include these codes as defined in <a href="http://www.snomed.org/"><code>http://snomed.info/sct</code></a><table class="none"><tr><td style="white-space:nowrap"><b>Code</b></td><td><b>Display</b></td></tr><tr><td><a href="http://snomed.info/id/73438004">73438004</a></td><td>Unemployed</td></tr><tr><td><a href="http://snomed.info/id/224363007">224363007</a></td><td>Employed</td></tr></table></li></ul></div>
  </text>
  <url value="https://fhir.hmis.gov.np/ValueSet/employment-status"/>
  <version value="0.0.1-ballot"/>
  <name value="EmploymentStatusVS"/>
  <title value="Employment (रोजगारी स्थिति)"/>
  <status value="active"/>
  <date value="2025-09-04T23:57:58+05:45"/>
  <publisher value="Integrated Health Information Management Section"/>
  <contact>
    <name value="Integrated Health Information Management Section"/>
    <telecom>
      <system value="url"/>
      <value value="https://hmis.gov.np"/>
    </telecom>
    <telecom>
      <system value="email"/>
      <value value="it@hmis.gov.np"/>
    </telecom>
  </contact>
  <contact>
    <name value="RC Poudel"/>
    <telecom>
      <system value="email"/>
      <value value="rcpoudel@amakomaya.com"/>
    </telecom>
    <telecom>
      <system value="email"/>
      <value value="rmchndrapdl@gmail.com"/>
    </telecom>
    <telecom>
      <system value="phone"/>
      <value value="+977-9851341921"/>
    </telecom>
  </contact>
  <description value="Codes representing employment status of a person."/>
  <jurisdiction>
    <coding>
      <system value="urn:iso:std:iso:3166"/>
      <code value="NP"/>
    </coding>
  </jurisdiction>
  <copyright value="Used by permission of HL7 International, all rights reserved Creative Commons License"/>
  <compose>
    <include>
      <system value="http://snomed.info/sct"/>
      <concept>
        <code value="73438004"/>
        <display value="Unemployed"/>
      </concept>
      <concept>
        <code value="224363007"/>
        <display value="Employed"/>
      </concept>
    </include>
  </compose>
</ValueSet>