<?xml version="1.0" encoding="UTF-8"?>

<ValueSet xmlns="http://hl7.org/fhir">
  <id value="yes-no"/>
  <text>
    <status value="generated"/><div xmlns="http://www.w3.org/1999/xhtml"><p class="res-header-id"><b>Generated Narrative: ValueSet yes-no</b></p><a name="yes-no"> </a><a name="hcyes-no"> </a><ul><li>Include all codes defined in <a href="http://terminology.hl7.org/6.5.0/CodeSystem-v2-0532.html"><code>http://terminology.hl7.org/CodeSystem/v2-0532</code></a></li></ul></div>
  </text>
  <url value="https://fhir.hmis.gov.np/ValueSet/yes-no"/>
  <version value="0.0.1-ballot"/>
  <name value="YesNoVS"/>
  <title value="Option Set - Yes / No / Yes-only / Don't know / Not applicable"/>
  <status value="active"/>
  <experimental value="false"/>
  <date value="2025-09-05T08:09:57+05:45"/>
  <publisher value="Integrated Health Information Management Section"/>
  <contact>
    <name value="Integrated Health Information Management Section"/>
    <telecom>
      <system value="url"/>
      <value value="https://hmis.gov.np"/>
    </telecom>
    <telecom>
      <system value="email"/>
      <value value="it@hmis.gov.np"/>
    </telecom>
  </contact>
  <contact>
    <name value="RC Poudel"/>
    <telecom>
      <system value="email"/>
      <value value="rcpoudel@amakomaya.com"/>
    </telecom>
    <telecom>
      <system value="email"/>
      <value value="rmchndrapdl@gmail.com"/>
    </telecom>
    <telecom>
      <system value="phone"/>
      <value value="+977-9851341921"/>
    </telecom>
  </contact>
  <description value="Master option set for Yes/No/Yes-only/Don't know/Not applicable, including Nepali designations:छ/छैन, हो/होइन, गराएको/नगराएको, लिएको/नलिएको, भएको/नभएको, पाएको/नपाएको&#xA;&#xA;Used for:&#xA;- Presumptive TB Case (सम्भावित क्षयरोग विरामी)&#xA;- Gender Based Violence (लैंगिक हिंसा)&#xA;- Exclusively Breastfeeding (शिशुलाइ जन्मेको ६ महिना सम्म स्तनपान मात्र गराएको)&#xA;- Complementary Food (६ महिना पछि स्तनपान साथै ठोस, अर्धठोस र नरम खाना सुरू)&#xA;- GDS Present (General Danger Sign Present)&#xA;- Chest Indrawing (Yes only)&#xA;- Stridor (Yes only)&#xA;- Wheezing (Yes only)&#xA;- Condom Use&#xA;- Lab test results (Positive/Negative)&#xA;&#xA;| HL7 v2-0532 Code | SNOMED CT Code | English Meaning       | Nepali Variants                                      |&#xA;|-----------------|----------------|--------------------|-----------------------------------------------------|&#xA;| Y               | 373066001      | Yes / Affirmative  | हो / गराएको / लिएको / भएको / पाएको              |&#xA;| N               | 373067005      | No / Negative      | होइन / नगराएको / नलिएको / नभएको / नपाएको      |&#xA;"/>
  <jurisdiction>
    <coding>
      <system value="urn:iso:std:iso:3166"/>
      <code value="NP"/>
    </coding>
  </jurisdiction>
  <copyright value="Used by permission of HL7 International, all rights reserved Creative Commons License"/>
  <compose>
    <include>
      <system value="http://terminology.hl7.org/CodeSystem/v2-0532"/>
    </include>
  </compose>
</ValueSet>