<?xml version="1.0" encoding="UTF-8"?>

<ValueSet xmlns="http://hl7.org/fhir">
  <id value="patient-registration-type"/>
  <text>
    <status value="generated"/><div xmlns="http://www.w3.org/1999/xhtml"><p class="res-header-id"><b>Generated Narrative: ValueSet patient-registration-type</b></p><a name="patient-registration-type"> </a><a name="hcpatient-registration-type"> </a><ul><li>Include these codes as defined in <a href="http://www.snomed.org/"><code>http://snomed.info/sct</code></a><table class="none"><tr><td style="white-space:nowrap"><b>Code</b></td><td><b>Display</b></td><td><b>ne</b></td></tr><tr><td><a href="http://snomed.info/id/185349003">185349003</a></td><td>Initial encounter</td><td>नयाँ बिरामी</td></tr><tr><td><a href="http://snomed.info/id/308490002">308490002</a></td><td>Referral to service</td><td>स्थानान्तरण</td></tr><tr><td><a href="http://snomed.info/id/428911000124109">428911000124109</a></td><td>Re-admission (procedure)</td><td>पुनः भर्ना</td></tr><tr><td><a href="http://snomed.info/id/363346000">363346000</a></td><td>Relapse of disease</td><td>पुनरावृत्ति</td></tr></table></li></ul></div>
  </text>
  <url value="https://hl7.hmis.gov.np/ValueSet/patient-registration-type"/>
  <version value="0.0.1-ballot"/>
  <name value="PatientRegistrationTypeVS"/>
  <title value="Patient Registration Type"/>
  <status value="active"/>
  <date value="2025-08-12T23:24:39+05:45"/>
  <publisher value="Integrated Health Information Management Section"/>
  <contact>
    <name value="Integrated Health Information Management Section"/>
    <telecom>
      <system value="url"/>
      <value value="https://hmis.gov.np"/>
    </telecom>
    <telecom>
      <system value="email"/>
      <value value="it@hmis.gov.np"/>
    </telecom>
  </contact>
  <contact>
    <name value="RC Poudel"/>
    <telecom>
      <system value="email"/>
      <value value="rcpoudel@amakomaya.com"/>
    </telecom>
    <telecom>
      <system value="email"/>
      <value value="rmchndrapdl@gmail.com"/>
    </telecom>
    <telecom>
      <system value="phone"/>
      <value value="+977-9851341921"/>
    </telecom>
  </contact>
  <description value="Patient registration types mapped to SNOMED CT concepts with Nepali display."/>
  <jurisdiction>
    <coding>
      <system value="urn:iso:std:iso:3166"/>
      <code value="NP"/>
      <display value="Nepal"/>
    </coding>
  </jurisdiction>
  <copyright value="Used by permission of HL7 International, all rights reserved Creative Commons License"/>
  <compose>
    <include>
      <system value="http://snomed.info/sct"/>
      <concept>
        <code value="185349003"/>
        <display value="Initial encounter"/>
        <designation>
          <language value="ne"/>
          <value value="नयाँ बिरामी"/>
        </designation>
      </concept>
      <concept>
        <code value="308490002"/>
        <display value="Referral to service"/>
        <designation>
          <language value="ne"/>
          <value value="स्थानान्तरण"/>
        </designation>
      </concept>
      <concept>
        <code value="428911000124109"/>
        <display value="Re-admission (procedure)"/>
        <designation>
          <language value="ne"/>
          <value value="पुनः भर्ना"/>
        </designation>
      </concept>
      <concept>
        <code value="363346000"/>
        <display value="Relapse of disease"/>
        <designation>
          <language value="ne"/>
          <value value="पुनरावृत्ति"/>
        </designation>
      </concept>
    </include>
  </compose>
</ValueSet>