{
  "resourceType" : "ValueSet",
  "id" : "nutritional-status",
  "text" : {
    "status" : "generated",
    "div" : "<div xmlns=\"http://www.w3.org/1999/xhtml\"><p class=\"res-header-id\"><b>Generated Narrative: ValueSet nutritional-status</b></p><a name=\"nutritional-status\"> </a><a name=\"hcnutritional-status\"> </a><ul><li>Include these codes as defined in <a href=\"http://www.snomed.org/\"><code>http://snomed.info/sct</code></a><table class=\"none\"><tr><td style=\"white-space:nowrap\"><b>Code</b></td><td><b>Display</b></td></tr><tr><td><a href=\"http://snomed.info/id/190602008\">190602008</a></td><td>Normal nutritional status</td></tr><tr><td><a href=\"http://snomed.info/id/190603003\">190603003</a></td><td>At risk / Mild malnutrition</td></tr><tr><td><a href=\"http://snomed.info/id/162384008\">162384008</a></td><td>Severe malnutrition / High risk</td></tr></table></li></ul></div>"
  },
  "url" : "https://fhir.hmis.gov.np/ValueSet/nutritional-status",
  "version" : "0.0.1-ballot",
  "name" : "NutritionalStatusVS",
  "title" : "Child Nutritional Status (SNOMED CT)",
  "status" : "active",
  "date" : "2025-09-05T08:09:57+05:45",
  "publisher" : "Integrated Health Information Management Section",
  "contact" : [{
    "name" : "Integrated Health Information Management Section",
    "telecom" : [{
      "system" : "url",
      "value" : "https://hmis.gov.np"
    },
    {
      "system" : "email",
      "value" : "it@hmis.gov.np"
    }]
  },
  {
    "name" : "RC Poudel",
    "telecom" : [{
      "system" : "email",
      "value" : "rcpoudel@amakomaya.com"
    },
    {
      "system" : "email",
      "value" : "rmchndrapdl@gmail.com"
    },
    {
      "system" : "phone",
      "value" : "+977-9851341921"
    }]
  }],
  "description" : "Values representing a child's nutritional status",
  "jurisdiction" : [{
    "coding" : [{
      "system" : "urn:iso:std:iso:3166",
      "code" : "NP"
    }]
  }],
  "copyright" : "Used by permission of HL7 International, all rights reserved Creative Commons License",
  "compose" : {
    "include" : [{
      "system" : "http://snomed.info/sct",
      "concept" : [{
        "code" : "190602008",
        "display" : "Normal nutritional status"
      },
      {
        "code" : "190603003",
        "display" : "At risk / Mild malnutrition"
      },
      {
        "code" : "162384008",
        "display" : "Severe malnutrition / High risk"
      }]
    }]
  }
}