<?xml version="1.0" encoding="UTF-8"?>

<ValueSet xmlns="http://hl7.org/fhir">
  <id value="visit-ordinal"/>
  <text>
    <status value="generated"/><div xmlns="http://www.w3.org/1999/xhtml"><p class="res-header-id"><b>Generated Narrative: ValueSet visit-ordinal</b></p><a name="visit-ordinal"> </a><a name="hcvisit-ordinal"> </a><ul><li>Include these codes as defined in <a href="http://www.snomed.org/"><code>http://snomed.info/sct</code></a><table class="none"><tr><td style="white-space:nowrap"><b>Code</b></td><td><b>Display</b></td></tr><tr><td><a href="http://snomed.info/id/185349003&quot;">185349003&quot;</a></td><td>First Visit</td></tr><tr><td><a href="http://snomed.info/id/308335008">308335008</a></td><td>Follow-up Visit</td></tr><tr><td><a href="http://snomed.info/id/308646001">308646001</a></td><td>Subsequent Visit</td></tr></table></li></ul></div>
  </text>
  <url value="https://hl7.hmis.gov.np/ValueSet/visit-ordinal"/>
  <version value="0.0.1-ballot"/>
  <name value="VisitOrdinalVS"/>
  <title value="Patient Visit Ordinal"/>
  <status value="active"/>
  <date value="2025-08-13T23:06:39+05:45"/>
  <publisher value="Integrated Health Information Management Section"/>
  <contact>
    <name value="Integrated Health Information Management Section"/>
    <telecom>
      <system value="url"/>
      <value value="https://hmis.gov.np"/>
    </telecom>
    <telecom>
      <system value="email"/>
      <value value="it@hmis.gov.np"/>
    </telecom>
  </contact>
  <contact>
    <name value="RC Poudel"/>
    <telecom>
      <system value="email"/>
      <value value="rcpoudel@amakomaya.com"/>
    </telecom>
    <telecom>
      <system value="email"/>
      <value value="rmchndrapdl@gmail.com"/>
    </telecom>
    <telecom>
      <system value="phone"/>
      <value value="+977-9851341921"/>
    </telecom>
  </contact>
  <description value="ValueSet combining SNOMED CT codes for first and follow-up visits with local codes for second, third, and repeat visits."/>
  <jurisdiction>
    <coding>
      <system value="urn:iso:std:iso:3166"/>
      <code value="NP"/>
      <display value="Nepal"/>
    </coding>
  </jurisdiction>
  <copyright value="Used by permission of HL7 International, all rights reserved Creative Commons License"/>
  <compose>
    <include>
      <system value="http://snomed.info/sct"/>
      <concept>
        <code value="185349003&quot;"/>
        <display value="First Visit"/>
      </concept>
      <concept>
        <code value="308335008"/>
        <display value="Follow-up Visit"/>
      </concept>
      <concept>
        <code value="308646001"/>
        <display value="Subsequent Visit"/>
      </concept>
    </include>
  </compose>
</ValueSet>