<?xml version="1.0" encoding="UTF-8"?>

<ValueSet xmlns="http://hl7.org/fhir">
  <id value="nutritional-status"/>
  <text>
    <status value="generated"/><div xmlns="http://www.w3.org/1999/xhtml"><p class="res-header-id"><b>Generated Narrative: ValueSet nutritional-status</b></p><a name="nutritional-status"> </a><a name="hcnutritional-status"> </a><ul><li>Include these codes as defined in <a href="http://www.snomed.org/"><code>http://snomed.info/sct</code></a><table class="none"><tr><td style="white-space:nowrap"><b>Code</b></td><td><b>Display</b></td></tr><tr><td><a href="http://snomed.info/id/190602008">190602008</a></td><td>Normal nutritional status</td></tr><tr><td><a href="http://snomed.info/id/190603003">190603003</a></td><td>At risk / Mild malnutrition</td></tr><tr><td><a href="http://snomed.info/id/162384008">162384008</a></td><td>Severe malnutrition / High risk</td></tr></table></li></ul></div>
  </text>
  <url value="https://fhir.hmis.gov.np/ValueSet/nutritional-status"/>
  <version value="0.0.1-ballot"/>
  <name value="NutritionalStatusVS"/>
  <title value="Child Nutritional Status (SNOMED CT)"/>
  <status value="active"/>
  <date value="2025-09-08T06:44:10+05:45"/>
  <publisher value="Integrated Health Information Management Section"/>
  <contact>
    <name value="Integrated Health Information Management Section"/>
    <telecom>
      <system value="url"/>
      <value value="https://hmis.gov.np"/>
    </telecom>
    <telecom>
      <system value="email"/>
      <value value="it@hmis.gov.np"/>
    </telecom>
  </contact>
  <contact>
    <name value="RC Poudel"/>
    <telecom>
      <system value="email"/>
      <value value="rcpoudel@amakomaya.com"/>
    </telecom>
    <telecom>
      <system value="email"/>
      <value value="rmchndrapdl@gmail.com"/>
    </telecom>
    <telecom>
      <system value="phone"/>
      <value value="+977-9851341921"/>
    </telecom>
  </contact>
  <description value="Values representing a child's nutritional status"/>
  <jurisdiction>
    <coding>
      <system value="urn:iso:std:iso:3166"/>
      <code value="NP"/>
    </coding>
  </jurisdiction>
  <copyright value="Used by permission of HL7 International, all rights reserved Creative Commons License"/>
  <compose>
    <include>
      <system value="http://snomed.info/sct"/>
      <concept>
        <code value="190602008"/>
        <display value="Normal nutritional status"/>
      </concept>
      <concept>
        <code value="190603003"/>
        <display value="At risk / Mild malnutrition"/>
      </concept>
      <concept>
        <code value="162384008"/>
        <display value="Severe malnutrition / High risk"/>
      </concept>
    </include>
  </compose>
</ValueSet>