{
  "resourceType" : "ValueSet",
  "id" : "patient-registration-type",
  "text" : {
    "status" : "generated",
    "div" : "<div xmlns=\"http://www.w3.org/1999/xhtml\"><p class=\"res-header-id\"><b>Generated Narrative: ValueSet patient-registration-type</b></p><a name=\"patient-registration-type\"> </a><a name=\"hcpatient-registration-type\"> </a><ul><li>Include these codes as defined in <a href=\"http://www.snomed.org/\"><code>http://snomed.info/sct</code></a><table class=\"none\"><tr><td style=\"white-space:nowrap\"><b>Code</b></td><td><b>Display</b></td><td><b>ne</b></td></tr><tr><td><a href=\"http://snomed.info/id/308335008\">308335008</a></td><td>Patient encounter procedure (procedure)</td><td>नयाँ बिरामी</td></tr><tr><td><a href=\"http://snomed.info/id/185318008\">185318008</a></td><td>Third party encounter (procedure)</td><td>स्थानान्तरण</td></tr><tr><td><a href=\"http://snomed.info/id/390906007\">390906007</a></td><td>Follow-up encounter (procedure)</td><td>पुनः भर्ना</td></tr></table></li></ul></div>"
  },
  "url" : "https://fhir.hmis.gov.np/ValueSet/patient-registration-type",
  "version" : "0.0.1-ballot",
  "name" : "PatientRegistrationTypeVS",
  "title" : "Patient Registration Type",
  "status" : "active",
  "date" : "2025-09-07T15:46:36+05:45",
  "publisher" : "Integrated Health Information Management Section",
  "contact" : [{
    "name" : "Integrated Health Information Management Section",
    "telecom" : [{
      "system" : "url",
      "value" : "https://hmis.gov.np"
    },
    {
      "system" : "email",
      "value" : "it@hmis.gov.np"
    }]
  },
  {
    "name" : "RC Poudel",
    "telecom" : [{
      "system" : "email",
      "value" : "rcpoudel@amakomaya.com"
    },
    {
      "system" : "email",
      "value" : "rmchndrapdl@gmail.com"
    },
    {
      "system" : "phone",
      "value" : "+977-9851341921"
    }]
  }],
  "description" : "Patient registration types mapped to SNOMED CT concepts with Nepali display.",
  "jurisdiction" : [{
    "coding" : [{
      "system" : "urn:iso:std:iso:3166",
      "code" : "NP"
    }]
  }],
  "copyright" : "Used by permission of HL7 International, all rights reserved Creative Commons License",
  "compose" : {
    "include" : [{
      "system" : "http://snomed.info/sct",
      "concept" : [{
        "code" : "308335008",
        "display" : "Patient encounter procedure (procedure)",
        "designation" : [{
          "language" : "ne-NP",
          "value" : "नयाँ बिरामी"
        }]
      },
      {
        "code" : "185318008",
        "display" : "Third party encounter (procedure)",
        "designation" : [{
          "language" : "ne-NP",
          "value" : "स्थानान्तरण"
        }]
      },
      {
        "code" : "390906007",
        "display" : "Follow-up encounter (procedure)",
        "designation" : [{
          "language" : "ne-NP",
          "value" : "पुनः भर्ना"
        }]
      }]
    }]
  }
}