<?xml version="1.0" encoding="UTF-8"?>

<ValueSet xmlns="http://hl7.org/fhir">
  <id value="province"/>
  <text>
    <status value="generated"/><div xmlns="http://www.w3.org/1999/xhtml"><p class="res-header-id"><b>Generated Narrative: ValueSet province</b></p><a name="province"> </a><a name="hcprovince"> </a><ul><li>Include these codes as defined in <a href="CodeSystem-locations.html"><code>https://fhir.hmis.gov.np/CodeSystem/locations</code></a><table class="none"><tr><td style="white-space:nowrap"><b>Code</b></td><td><b>Display</b></td></tr><tr><td><a href="CodeSystem-locations.html#locations-1">1</a></td><td>Koshi Province</td></tr><tr><td><a href="CodeSystem-locations.html#locations-2">2</a></td><td>Madhesh Province</td></tr><tr><td><a href="CodeSystem-locations.html#locations-3">3</a></td><td>Bagmati Province</td></tr><tr><td><a href="CodeSystem-locations.html#locations-4">4</a></td><td>Gandaki Province</td></tr><tr><td><a href="CodeSystem-locations.html#locations-5">5</a></td><td>Lumbini Province</td></tr><tr><td><a href="CodeSystem-locations.html#locations-6">6</a></td><td>Karnali Province</td></tr><tr><td><a href="CodeSystem-locations.html#locations-7">7</a></td><td>Sudurpashchim Province</td></tr></table></li></ul></div>
  </text>
  <url value="https://fhir.hmis.gov.np/ValueSet/province"/>
  <version value="0.0.1-ballot"/>
  <name value="ProvinceVS"/>
  <title value="Province"/>
  <status value="active"/>
  <date value="2025-08-31T08:04:43+05:45"/>
  <publisher value="Integrated Health Information Management Section"/>
  <contact>
    <name value="Integrated Health Information Management Section"/>
    <telecom>
      <system value="url"/>
      <value value="https://hmis.gov.np"/>
    </telecom>
    <telecom>
      <system value="email"/>
      <value value="it@hmis.gov.np"/>
    </telecom>
  </contact>
  <contact>
    <name value="RC Poudel"/>
    <telecom>
      <system value="email"/>
      <value value="rcpoudel@amakomaya.com"/>
    </telecom>
    <telecom>
      <system value="email"/>
      <value value="rmchndrapdl@gmail.com"/>
    </telecom>
    <telecom>
      <system value="phone"/>
      <value value="+977-9851341921"/>
    </telecom>
  </contact>
  <description value="All provinces used in administrative divisions"/>
  <jurisdiction>
    <coding>
      <system value="urn:iso:std:iso:3166"/>
      <code value="NP"/>
    </coding>
  </jurisdiction>
  <copyright value="Used by permission of HL7 International, all rights reserved Creative Commons License"/>
  <compose>
    <include>
      <system value="https://fhir.hmis.gov.np/CodeSystem/locations"/>
      <concept>
        <code value="1"/>
        <display value="Koshi Province"/>
      </concept>
      <concept>
        <code value="2"/>
        <display value="Madhesh Province"/>
      </concept>
      <concept>
        <code value="3"/>
        <display value="Bagmati Province"/>
      </concept>
      <concept>
        <code value="4"/>
        <display value="Gandaki Province"/>
      </concept>
      <concept>
        <code value="5"/>
        <display value="Lumbini Province"/>
      </concept>
      <concept>
        <code value="6"/>
        <display value="Karnali Province"/>
      </concept>
      <concept>
        <code value="7"/>
        <display value="Sudurpashchim Province"/>
      </concept>
    </include>
  </compose>
</ValueSet>