URL,Version,Status,OIDs,Name,Title,Description,Used
https://hl7.hmis.gov.np/CodeSystem/ethnic-code,0.0.1-ballot,active,,EthnicCodeCS,Ethnic Code,"जाति कोडहरू: दलित, जनजाती, मधेसी, मुस्लिम, ब्राह्मण/क्षेत्री, अन्य",
https://hl7.hmis.gov.np/CodeSystem/free-cost,0.0.1-ballot,active,,FreeCostCS,निशुल्क/शुल्क रू,"निशुल्क/शुल्क रू",
https://hl7.hmis.gov.np/CodeSystem/free-service-eligibility,0.0.1-ballot,active,,FreeServiceEligibilityCS,Free Service Eligibility,"Categories of individuals eligible for free health services (निशुल्क सेवा कोड)",
https://hl7.hmis.gov.np/CodeSystem/locations,0.0.1-ballot,active,,LocationsCS,Nepal Administrative Location Codes,"Comprehensive code system for Nepals provinces, districts, and municipalities.",
https://hl7.hmis.gov.np/CodeSystem/period-range,0.0.1-ballot,active,,PeriodRangeCS,Period Range,"HMIS period ranges codes based on IHE ADX Range Coding System.  Reference: IHE QRPH Supplement ADX, CP-QRPH-238, https://www.ihe.net/uploadedFiles/Documents/QRPH/IHE_QRPH_Suppl_ADX.pdf#page=78  Durations define the amount if an intervening time between two time points. These durations are represented in the form P[n]Y[n]M[n]DT[n]H[n]M[n]S or P[n]W. The [n] is replaced by the value for each of the time elements that follow the [n] and the letters have the meaning:  P is the duration designator (for period) placed at the start of the duration representation. Y is the year designator that follows the value for the number of years. M is the month designator that follows the value for the number of months. W is the week designator that follows the value for the number of weeks. D is the day designator that follows the value for the number of days. T is the time designator that precedes the time components of the representation. H is the hour designator that follows the value for the number of hours. M is the minute designator that follows the value for the number of minutes. S is the second designator that follows the value for the number of seconds.",
https://hl7.hmis.gov.np/CodeSystem/service-type,0.0.1-ballot,active,,ServiceTypeCS,सेवाको किसिम कोड सिस्टम,"स्वास्थ्य सेवाका विभिन्न किसिमहरूको कोड सूची",
https://hl7.hmis.gov.np/CodeSystem/yes-no,0.0.1-ballot,active,,YesNoCS,Yes / No CodeSystem,"For representing Yes and No values in Nepali.",
