{"resourceType":"CodeSystem","id":"service-type","text":{"status":"generated","div":"<div xmlns=\"http://www.w3.org/1999/xhtml\"><p class=\"res-header-id\"><b>Generated Narrative: CodeSystem service-type</b></p><a name=\"service-type\"> </a><a name=\"hcservice-type\"> </a><p>This case-sensitive code system <code>https://hl7.hmis.gov.np/CodeSystem/service-type</code> defines the following codes:</p><table class=\"codes\"><tr><td style=\"white-space:nowrap\"><b>Code</b></td><td><b>Display</b></td><td><b>ne</b></td></tr><tr><td style=\"white-space:nowrap\">1<a name=\"service-type-1\"> </a></td><td>General Care</td><td>सामान्य उपचार</td></tr><tr><td style=\"white-space:nowrap\">2<a name=\"service-type-2\"> </a></td><td>IMNCI</td><td>IMNCI</td></tr><tr><td style=\"white-space:nowrap\">3<a name=\"service-type-3\"> </a></td><td>Nutrition</td><td>पोषण</td></tr><tr><td style=\"white-space:nowrap\">4<a name=\"service-type-4\"> </a></td><td>Safe Motherhood</td><td>सुरक्षित मातृत्व</td></tr><tr><td style=\"white-space:nowrap\">5<a name=\"service-type-5\"> </a></td><td>Family Planning</td><td>परिवार नियोजन</td></tr><tr><td style=\"white-space:nowrap\">6<a name=\"service-type-6\"> </a></td><td>Tuberculosis</td><td>क्षयरोग</td></tr><tr><td style=\"white-space:nowrap\">7<a name=\"service-type-7\"> </a></td><td>Leprosy</td><td>कुष्ठरोग</td></tr><tr><td style=\"white-space:nowrap\">8<a name=\"service-type-8\"> </a></td><td>Vector-borne Disease</td><td>कीटजन्य रोग</td></tr><tr><td style=\"white-space:nowrap\">9<a name=\"service-type-9\"> </a></td><td>Sexually Transmitted Disease</td><td>यौनरोग</td></tr><tr><td style=\"white-space:nowrap\">10<a name=\"service-type-10\"> </a></td><td>Non-communicable Disease</td><td>नसर्ने रोग</td></tr><tr><td style=\"white-space:nowrap\">11<a name=\"service-type-11\"> </a></td><td>Other (Specify)</td><td>अन्य (खुलाउने)</td></tr></table></div>"},"url":"https://hl7.hmis.gov.np/CodeSystem/service-type","version":"1.0.1","name":"ServiceTypeCS","title":"सेवाको किसिम कोड सिस्टम","status":"active","date":"2025-08-08T09:35:18+05:45","publisher":"Integrated Health Information Management Section","contact":[{"name":"Integrated Health Information Management Section","telecom":[{"system":"url","value":"https://hmis.gov.np"},{"system":"email","value":"it@hmis.gov.np"}]},{"name":"RC Poudel","telecom":[{"system":"email","value":"rcpoudel@amakomaya.com"},{"system":"email","value":"rmchndrapdl@gmail.com"},{"system":"phone","value":"+977-9851341921"}]}],"description":"स्वास्थ्य सेवाका विभिन्न किसिमहरूको कोड सूची।","jurisdiction":[{"coding":[{"system":"urn:iso:std:iso:3166","code":"NP","display":"Nepal"}]}],"copyright":"Used by permission of HL7 International, all rights reserved Creative Commons License","caseSensitive":true,"content":"complete","count":11,"concept":[{"code":"1","display":"General Care","designation":[{"language":"ne","value":"सामान्य उपचार"},{"use":{"system":"http://terminology.hl7.org/CodeSystem/designation-usage","code":"display"},"value":"General Care"}]},{"code":"2","display":"IMNCI","designation":[{"language":"ne","value":"IMNCI"},{"use":{"system":"http://terminology.hl7.org/CodeSystem/designation-usage","code":"display"},"value":"IMNCI"}]},{"code":"3","display":"Nutrition","designation":[{"language":"ne","value":"पोषण"},{"use":{"system":"http://terminology.hl7.org/CodeSystem/designation-usage","code":"display"},"value":"Nutrition"}]},{"code":"4","display":"Safe Motherhood","designation":[{"language":"ne","value":"सुरक्षित मातृत्व"},{"use":{"system":"http://terminology.hl7.org/CodeSystem/designation-usage","code":"display"},"value":"Safe Motherhood"}]},{"code":"5","display":"Family Planning","designation":[{"language":"ne","value":"परिवार नियोजन"},{"use":{"system":"http://terminology.hl7.org/CodeSystem/designation-usage","code":"display"},"value":"Family Planning"}]},{"code":"6","display":"Tuberculosis","designation":[{"language":"ne","value":"क्षयरोग"},{"use":{"system":"http://terminology.hl7.org/CodeSystem/designation-usage","code":"display"},"value":"Tuberculosis"}]},{"code":"7","display":"Leprosy","designation":[{"language":"ne","value":"कुष्ठरोग"},{"use":{"system":"http://terminology.hl7.org/CodeSystem/designation-usage","code":"display"},"value":"Leprosy"}]},{"code":"8","display":"Vector-borne Disease","designation":[{"language":"ne","value":"कीटजन्य रोग"},{"use":{"system":"http://terminology.hl7.org/CodeSystem/designation-usage","code":"display"},"value":"Vector-borne Disease"}]},{"code":"9","display":"Sexually Transmitted Disease","designation":[{"language":"ne","value":"यौनरोग"},{"use":{"system":"http://terminology.hl7.org/CodeSystem/designation-usage","code":"display"},"value":"Sexually Transmitted Disease"}]},{"code":"10","display":"Non-communicable Disease","designation":[{"language":"ne","value":"नसर्ने रोग"},{"use":{"system":"http://terminology.hl7.org/CodeSystem/designation-usage","code":"display"},"value":"Non-communicable Disease"}]},{"code":"11","display":"Other (Specify)","designation":[{"language":"ne","value":"अन्य (खुलाउने)"},{"use":{"system":"http://terminology.hl7.org/CodeSystem/designation-usage","code":"display"},"value":"Other (Specify)"}]}]}