{"resourceType":"ImplementationGuide","id":"hl7.fhir.hmis","text":{"status":"generated","div":"<div xmlns=\"http://www.w3.org/1999/xhtml\"><p class=\"res-header-id\"><b>Generated Narrative: ImplementationGuide hl7.fhir.hmis</b></p><a name=\"hl7.fhir.hmis\"> </a><a name=\"hchl7.fhir.hmis\"> </a><h2>NPCoreImplementationGuide</h2><p>The official URL for this implementation guide is: </p><pre>https://hl7.hmis.gov.np/ImplementationGuide/hl7.fhir.hmis</pre><div><p>The Electronic Health Management Information System (E-HMIS) FHIR Implementation Guide defines the core profiles, data elements, workflows, and terminologies necessary to support interoperable, standards-based reporting and service delivery for Nepal’s routine health information systems.\nThis guide aligns with national data standards, WHO Digital Adaptation Kits (DAKs), and global FHIR best practices. It enables structured data exchange between digital health systems and the national DHIS2-based HMIS platform, improving the accuracy, timeliness, and use of health data for decision-making.\nIt is developed to support routine service delivery programs such as Maternal and Child Health, CB-IMNCI, Immunization, and Basic Health Services, and will evolve to integrate real-time analytics, feedback loops, and decentralized data entry mechanisms.</p>\n</div></div>"},"url":"https://hl7.hmis.gov.np/ImplementationGuide/hl7.fhir.hmis","version":"1.0.1","name":"NPCoreImplementationGuide","title":"Nepal HMIS FHIR Implementation Guide","status":"active","date":"2025-08-01","publisher":"Integrated Health Information Management Section","contact":[{"name":"Integrated Health Information Management Section","telecom":[{"system":"url","value":"https://hmis.gov.np"},{"system":"email","value":"it@hmis.gov.np"}]},{"name":"RC Poudel","telecom":[{"system":"email","value":"rcpoudel@amakomaya.com"},{"system":"email","value":"rmchndrapdl@gmail.com"},{"system":"phone","value":"+977-9851341921"}]}],"description":"The Electronic Health Management Information System (E-HMIS) FHIR Implementation Guide defines the core profiles, data elements, workflows, and terminologies necessary to support interoperable, standards-based reporting and service delivery for Nepal’s routine health information systems.\nThis guide aligns with national data standards, WHO Digital Adaptation Kits (DAKs), and global FHIR best practices. It enables structured data exchange between digital health systems and the national DHIS2-based HMIS platform, improving the accuracy, timeliness, and use of health data for decision-making.\nIt is developed to support routine service delivery programs such as Maternal and Child Health, CB-IMNCI, Immunization, and Basic Health Services, and will evolve to integrate real-time analytics, feedback loops, and decentralized data entry mechanisms.","jurisdiction":[{"coding":[{"system":"urn:iso:std:iso:3166","code":"NP","display":"Nepal"}]}],"copyright":"Used by permission of HL7 International, all rights reserved Creative Commons License","packageId":"hl7.fhir.hmis","license":"CC-BY-SA-3.0","fhirVersion":["5.0.0"],"dependsOn":[{"id":"hl7tx","extension":[{"url":"http://hl7.org/fhir/tools/StructureDefinition/implementationguide-dependency-comment","valueMarkdown":"Automatically added as a dependency - all IGs depend on HL7 Terminology"}],"uri":"http://terminology.hl7.org/ImplementationGuide/hl7.terminology","packageId":"hl7.terminology.r5","version":"6.5.0"},{"id":"hl7ext","extension":[{"url":"http://hl7.org/fhir/tools/StructureDefinition/implementationguide-dependency-comment","valueMarkdown":"Automatically added as a dependency - all IGs depend on the HL7 Extension Pack"}],"uri":"http://hl7.org/fhir/extensions/ImplementationGuide/hl7.fhir.uv.extensions","packageId":"hl7.fhir.uv.extensions.r5","version":"5.3.0-ballot-tc1"}],"definition":{"extension":[{"url":"http://hl7.org/fhir/tools/StructureDefinition/ig-internal-dependency","valueCode":"hl7.fhir.uv.tools.r5#0.7.1"}],"grouping":[{"id":"-str-profile","name":"Structures: Resource Profiles","description":"These define constraints on FHIR resources for systems conforming to this implementation guide."},{"id":"-term-valueset","name":"Terminology: Value Sets","description":"These define sets of codes used by systems conforming to this implementation guide."},{"id":"-term-codesystem","name":"Terminology: Code Systems","description":"These define new code systems used by systems conforming to this implementation guide."},{"id":"-term-namingsystem","name":"Terminology: Naming Systems","description":"These define identifier and/or code system identities used by systems conforming to this implementation guide."},{"id":"-ex-example","name":"Example: Example Instances","description":"These are example instances that show what data produced and consumed by systems conforming with this implementation guide might look like."}],"resource":[{"extension":[{"url":"http://hl7.org/fhir/tools/StructureDefinition/resource-sort","valueInteger":999999999},{"url":"http://hl7.org/fhir/StructureDefinition/implementationguide-page","valueUri":"StructureDefinition-encounter-ehmis.html"}],"reference":{"reference":"StructureDefinition/encounter-ehmis"},"name":"Encounter for EHMIS","description":"Each service interaction or visit by a patient","isExample":false,"groupingId":"-str-profile"},{"extension":[{"url":"http://hl7.org/fhir/tools/StructureDefinition/resource-sort","valueInteger":999999999},{"url":"http://hl7.org/fhir/StructureDefinition/implementationguide-page","valueUri":"StructureDefinition-location-ehmis.html"}],"reference":{"reference":"StructureDefinition/location-ehmis"},"name":"Location Profile for EHMIS","description":"Healthcare delivery location (e.g., facility, ward)","isExample":false,"groupingId":"-str-profile"},{"extension":[{"url":"http://hl7.org/fhir/tools/StructureDefinition/resource-sort","valueInteger":999999999},{"url":"http://hl7.org/fhir/StructureDefinition/implementationguide-page","valueUri":"StructureDefinition-patient-ehmis.html"}],"reference":{"reference":"StructureDefinition/patient-ehmis"},"name":"Patient for EHMIS","description":"Demographics and identifiers for patients in Nepal EHMIS","isExample":false,"groupingId":"-str-profile"},{"extension":[{"url":"http://hl7.org/fhir/tools/StructureDefinition/resource-sort","valueInteger":999999999},{"url":"http://hl7.org/fhir/StructureDefinition/implementationguide-page","valueUri":"StructureDefinition-practitioner-ehmis.html"}],"reference":{"reference":"StructureDefinition/practitioner-ehmis"},"name":"Practitioner Profile for EHMIS","description":"Basic identity for health worker","isExample":false,"groupingId":"-str-profile"},{"extension":[{"url":"http://hl7.org/fhir/tools/StructureDefinition/resource-sort","valueInteger":999999999},{"url":"http://hl7.org/fhir/StructureDefinition/implementationguide-page","valueUri":"StructureDefinition-practitionerrole-ehmis.html"}],"reference":{"reference":"StructureDefinition/practitionerrole-ehmis"},"name":"Practitioner Role Profile for EHMIS","description":"Defines a practitioner's role and location","isExample":false,"groupingId":"-str-profile"},{"extension":[{"url":"http://hl7.org/fhir/tools/StructureDefinition/resource-sort","valueInteger":999999999},{"url":"http://hl7.org/fhir/StructureDefinition/implementationguide-page","valueUri":"ValueSet-administrative-gender.html"}],"reference":{"reference":"ValueSet/administrative-gender"},"name":"Administrative Gender","description":"A value set containing administrative gender codes from the FHIR core.","isExample":false,"groupingId":"-term-valueset"},{"extension":[{"url":"http://hl7.org/fhir/tools/StructureDefinition/resource-sort","valueInteger":999999999},{"url":"http://hl7.org/fhir/StructureDefinition/implementationguide-page","valueUri":"ValueSet-district.html"}],"reference":{"reference":"ValueSet/district"},"name":"District","description":"All district used in administrative divisions","isExample":false,"groupingId":"-term-valueset"},{"extension":[{"url":"http://hl7.org/fhir/tools/StructureDefinition/resource-sort","valueInteger":999999999},{"url":"http://hl7.org/fhir/StructureDefinition/implementationguide-page","valueUri":"ValueSet-ethnic-code.html"}],"reference":{"reference":"ValueSet/ethnic-code"},"name":"Ethnic Code","description":"ValueSet for जाति कोड (Ethnic Codes in Nepal)","isExample":false,"groupingId":"-term-valueset"},{"extension":[{"url":"http://hl7.org/fhir/tools/StructureDefinition/resource-sort","valueInteger":999999999},{"url":"http://hl7.org/fhir/StructureDefinition/implementationguide-page","valueUri":"ValueSet-localbody.html"}],"reference":{"reference":"ValueSet/localbody"},"name":"LocalBody","description":"All LocalBody used in administrative divisions","isExample":false,"groupingId":"-term-valueset"},{"extension":[{"url":"http://hl7.org/fhir/tools/StructureDefinition/resource-sort","valueInteger":999999999},{"url":"http://hl7.org/fhir/StructureDefinition/implementationguide-page","valueUri":"ValueSet-province.html"}],"reference":{"reference":"ValueSet/province"},"name":"Province","description":"All provinces used in administrative divisions","isExample":false,"groupingId":"-term-valueset"},{"extension":[{"url":"http://hl7.org/fhir/tools/StructureDefinition/resource-sort","valueInteger":999999999},{"url":"http://hl7.org/fhir/StructureDefinition/implementationguide-page","valueUri":"ValueSet-service-type.html"}],"reference":{"reference":"ValueSet/service-type"},"name":"सेवाको किसिमको मान सेट","description":"सेवाको किसिम कोडहरू प्रयोग गर्ने मान्य सूचि।","isExample":false,"groupingId":"-term-valueset"},{"extension":[{"url":"http://hl7.org/fhir/tools/StructureDefinition/resource-sort","valueInteger":999999999},{"url":"http://hl7.org/fhir/StructureDefinition/implementationguide-page","valueUri":"CodeSystem-ethnic-code.html"}],"reference":{"reference":"CodeSystem/ethnic-code"},"name":"Ethnic Code","description":"जाति कोडहरू: दलित, जनजाती, मधेसी, मुस्लिम, ब्राह्मण/क्षेत्री, अन्य","isExample":false,"groupingId":"-term-codesystem"},{"extension":[{"url":"http://hl7.org/fhir/tools/StructureDefinition/resource-sort","valueInteger":999999999},{"url":"http://hl7.org/fhir/StructureDefinition/implementationguide-page","valueUri":"CodeSystem-locations.html"}],"reference":{"reference":"CodeSystem/locations"},"name":"Nepal Administrative Location Codes","description":"Comprehensive code system for Nepals provinces, districts, and municipalities.","isExample":false,"groupingId":"-term-codesystem"},{"extension":[{"url":"http://hl7.org/fhir/tools/StructureDefinition/resource-sort","valueInteger":999999999},{"url":"http://hl7.org/fhir/StructureDefinition/implementationguide-page","valueUri":"CodeSystem-service-type.html"}],"reference":{"reference":"CodeSystem/service-type"},"name":"सेवाको किसिम कोड सिस्टम","description":"स्वास्थ्य सेवाका विभिन्न किसिमहरूको कोड सूची।","isExample":false,"groupingId":"-term-codesystem"},{"extension":[{"url":"http://hl7.org/fhir/tools/StructureDefinition/resource-sort","valueInteger":999999999},{"url":"http://hl7.org/fhir/StructureDefinition/implementationguide-page","valueUri":"NamingSystem-HealthID.html"}],"reference":{"reference":"NamingSystem/HealthID"},"name":"National Health ID","description":"The official National Health Identification Number assigned by the Government of Nepal.","isExample":false,"groupingId":"-term-namingsystem"},{"extension":[{"url":"http://hl7.org/fhir/tools/StructureDefinition/resource-sort","valueInteger":999999999},{"url":"http://hl7.org/fhir/StructureDefinition/implementationguide-page","valueUri":"NamingSystem-NationalID.html"}],"reference":{"reference":"NamingSystem/NationalID"},"name":"National ID of the National","description":"The official National Identification Number assigned by the Government of Nepal.","isExample":false,"groupingId":"-term-namingsystem"},{"extension":[{"url":"http://hl7.org/fhir/tools/StructureDefinition/resource-sort","valueInteger":999999999},{"url":"http://hl7.org/fhir/StructureDefinition/implementationguide-page","valueUri":"Location-ExampleLocation.html"}],"reference":{"reference":"Location/ExampleLocation"},"name":"Example Location for EHMIS","isExample":true,"profile":["https://hl7.hmis.gov.np/StructureDefinition/location-ehmis"],"groupingId":"-ex-example"},{"extension":[{"url":"http://hl7.org/fhir/tools/StructureDefinition/resource-sort","valueInteger":999999999},{"url":"http://hl7.org/fhir/StructureDefinition/implementationguide-page","valueUri":"Patient-ExamplePatient.html"}],"reference":{"reference":"Patient/ExamplePatient"},"name":"Example Patient for EHMIS","isExample":true,"profile":["https://hl7.hmis.gov.np/StructureDefinition/patient-ehmis"],"groupingId":"-ex-example"}],"page":{"sourceUrl":"toc.html","name":"toc.html","title":"Table of Contents","generation":"html","page":[{"sourceUrl":"index.html","name":"index.html","title":"Home","generation":"markdown"},{"sourceUrl":"codesystems.html","name":"codesystems.html","title":"Code Systems","generation":"markdown"},{"sourceUrl":"valuesets.html","name":"valuesets.html","title":"Value Sets","generation":"markdown"},{"sourceUrl":"identifiers.html","name":"identifiers.html","title":"Identifier Systems","generation":"markdown"},{"sourceUrl":"external_terminologies.html","name":"external_terminologies.html","title":"External Code Systems","generation":"markdown"},{"sourceUrl":"smart-index.html","name":"smart-index.html","title":"SMART Guidelines","generation":"markdown"},{"sourceUrl":"health-journey.html","name":"health-journey.html","title":"Health Journey","generation":"markdown"},{"sourceUrl":"profiles.html","name":"profiles.html","title":"Profiles","generation":"markdown"},{"sourceUrl":"examples.html","name":"examples.html","title":"Examples","generation":"markdown"},{"sourceUrl":"health-journey-mnch.html","name":"health-journey-mnch.html","title":"Health Journey Mnch","generation":"markdown"},{"sourceUrl":"health-journey-immunization.html","name":"health-journey-immunization.html","title":"Health Journey Immunization","generation":"markdown"},{"sourceUrl":"health-journey-opd.html","name":"health-journey-opd.html","title":"Health Journey Opd","generation":"markdown"},{"sourceUrl":"artifacts.html","name":"artifacts.html","title":"Artifacts Summary","generation":"html","page":[{"sourceUrl":"StructureDefinition-encounter-ehmis.html","name":"StructureDefinition-encounter-ehmis.html","title":"Encounter for EHMIS","generation":"generated"},{"sourceUrl":"StructureDefinition-location-ehmis.html","name":"StructureDefinition-location-ehmis.html","title":"Location Profile for EHMIS","generation":"generated"},{"sourceUrl":"StructureDefinition-patient-ehmis.html","name":"StructureDefinition-patient-ehmis.html","title":"Patient for EHMIS","generation":"generated"},{"sourceUrl":"StructureDefinition-practitioner-ehmis.html","name":"StructureDefinition-practitioner-ehmis.html","title":"Practitioner Profile for EHMIS","generation":"generated"},{"sourceUrl":"StructureDefinition-practitionerrole-ehmis.html","name":"StructureDefinition-practitionerrole-ehmis.html","title":"Practitioner Role Profile for EHMIS","generation":"generated"},{"sourceUrl":"ValueSet-administrative-gender.html","name":"ValueSet-administrative-gender.html","title":"Administrative Gender","generation":"generated"},{"sourceUrl":"ValueSet-district.html","name":"ValueSet-district.html","title":"District","generation":"generated"},{"sourceUrl":"ValueSet-ethnic-code.html","name":"ValueSet-ethnic-code.html","title":"Ethnic Code","generation":"generated"},{"sourceUrl":"ValueSet-localbody.html","name":"ValueSet-localbody.html","title":"LocalBody","generation":"generated"},{"sourceUrl":"ValueSet-province.html","name":"ValueSet-province.html","title":"Province","generation":"generated"},{"sourceUrl":"ValueSet-service-type.html","name":"ValueSet-service-type.html","title":"सेवाको किसिमको मान सेट","generation":"generated"},{"sourceUrl":"CodeSystem-ethnic-code.html","name":"CodeSystem-ethnic-code.html","title":"Ethnic Code","generation":"generated"},{"sourceUrl":"CodeSystem-locations.html","name":"CodeSystem-locations.html","title":"Nepal Administrative Location Codes","generation":"generated"},{"sourceUrl":"CodeSystem-service-type.html","name":"CodeSystem-service-type.html","title":"सेवाको किसिम कोड सिस्टम","generation":"generated"},{"sourceUrl":"NamingSystem-HealthID.html","name":"NamingSystem-HealthID.html","title":"National Health ID","generation":"generated"},{"sourceUrl":"NamingSystem-NationalID.html","name":"NamingSystem-NationalID.html","title":"National ID of the National","generation":"generated"},{"sourceUrl":"Location-ExampleLocation.html","name":"Location-ExampleLocation.html","title":"Example Location for EHMIS","generation":"generated"},{"sourceUrl":"Patient-ExamplePatient.html","name":"Patient-ExamplePatient.html","title":"Example Patient for EHMIS","generation":"generated"}]}]},"parameter":[{"code":{"system":"http://hl7.org/fhir/tools/CodeSystem/ig-parameters","code":"copyrightyear"},"value":"2025+"},{"code":{"system":"http://hl7.org/fhir/tools/CodeSystem/ig-parameters","code":"releaselabel"},"value":"ci-build"},{"code":{"system":"http://hl7.org/fhir/tools/CodeSystem/ig-parameters","code":"autoload-resources"},"value":"true"},{"code":{"system":"http://hl7.org/fhir/guide-parameter-code","code":"path-resource"},"value":"input/capabilities"},{"code":{"system":"http://hl7.org/fhir/guide-parameter-code","code":"path-resource"},"value":"input/examples"},{"code":{"system":"http://hl7.org/fhir/guide-parameter-code","code":"path-resource"},"value":"input/extensions"},{"code":{"system":"http://hl7.org/fhir/guide-parameter-code","code":"path-resource"},"value":"input/models"},{"code":{"system":"http://hl7.org/fhir/guide-parameter-code","code":"path-resource"},"value":"input/operations"},{"code":{"system":"http://hl7.org/fhir/guide-parameter-code","code":"path-resource"},"value":"input/profiles"},{"code":{"system":"http://hl7.org/fhir/guide-parameter-code","code":"path-resource"},"value":"input/resources"},{"code":{"system":"http://hl7.org/fhir/guide-parameter-code","code":"path-resource"},"value":"input/vocabulary"},{"code":{"system":"http://hl7.org/fhir/guide-parameter-code","code":"path-resource"},"value":"input/maps"},{"code":{"system":"http://hl7.org/fhir/guide-parameter-code","code":"path-resource"},"value":"input/testing"},{"code":{"system":"http://hl7.org/fhir/guide-parameter-code","code":"path-resource"},"value":"input/history"},{"code":{"system":"http://hl7.org/fhir/guide-parameter-code","code":"path-resource"},"value":"fsh-generated/resources"},{"code":{"system":"http://hl7.org/fhir/guide-parameter-code","code":"path-pages"},"value":"template/config"},{"code":{"system":"http://hl7.org/fhir/guide-parameter-code","code":"path-pages"},"value":"input/images"},{"code":{"system":"http://hl7.org/fhir/tools/CodeSystem/ig-parameters","code":"path-liquid"},"value":"template/liquid"},{"code":{"system":"http://hl7.org/fhir/tools/CodeSystem/ig-parameters","code":"path-liquid"},"value":"input/liquid"},{"code":{"system":"http://hl7.org/fhir/tools/CodeSystem/ig-parameters","code":"path-qa"},"value":"temp/qa"},{"code":{"system":"http://hl7.org/fhir/tools/CodeSystem/ig-parameters","code":"path-temp"},"value":"temp/pages"},{"code":{"system":"http://hl7.org/fhir/tools/CodeSystem/ig-parameters","code":"path-output"},"value":"output"},{"code":{"system":"http://hl7.org/fhir/guide-parameter-code","code":"path-tx-cache"},"value":"input-cache/txcache"},{"code":{"system":"http://hl7.org/fhir/tools/CodeSystem/ig-parameters","code":"path-suppressed-warnings"},"value":"input/ignoreWarnings.txt"},{"code":{"system":"http://hl7.org/fhir/tools/CodeSystem/ig-parameters","code":"path-history"},"value":"history.html"},{"code":{"system":"http://hl7.org/fhir/tools/CodeSystem/ig-parameters","code":"template-html"},"value":"template-page.html"},{"code":{"system":"http://hl7.org/fhir/tools/CodeSystem/ig-parameters","code":"template-md"},"value":"template-page-md.html"},{"code":{"system":"http://hl7.org/fhir/tools/CodeSystem/ig-parameters","code":"apply-contact"},"value":"true"},{"code":{"system":"http://hl7.org/fhir/tools/CodeSystem/ig-parameters","code":"apply-context"},"value":"true"},{"code":{"system":"http://hl7.org/fhir/tools/CodeSystem/ig-parameters","code":"apply-copyright"},"value":"true"},{"code":{"system":"http://hl7.org/fhir/tools/CodeSystem/ig-parameters","code":"apply-jurisdiction"},"value":"true"},{"code":{"system":"http://hl7.org/fhir/tools/CodeSystem/ig-parameters","code":"apply-license"},"value":"true"},{"code":{"system":"http://hl7.org/fhir/tools/CodeSystem/ig-parameters","code":"apply-publisher"},"value":"true"},{"code":{"system":"http://hl7.org/fhir/tools/CodeSystem/ig-parameters","code":"apply-version"},"value":"true"},{"code":{"system":"http://hl7.org/fhir/tools/CodeSystem/ig-parameters","code":"apply-wg"},"value":"true"},{"code":{"system":"http://hl7.org/fhir/tools/CodeSystem/ig-parameters","code":"active-tables"},"value":"true"},{"code":{"system":"http://hl7.org/fhir/tools/CodeSystem/ig-parameters","code":"fmm-definition"},"value":"http://hl7.org/fhir/versions.html#maturity"},{"code":{"system":"http://hl7.org/fhir/tools/CodeSystem/ig-parameters","code":"propagate-status"},"value":"true"},{"code":{"system":"http://hl7.org/fhir/tools/CodeSystem/ig-parameters","code":"excludelogbinaryformat"},"value":"true"},{"code":{"system":"http://hl7.org/fhir/tools/CodeSystem/ig-parameters","code":"tabbed-snapshots"},"value":"true"}]}}