{"resourceType":"ImplementationGuide","id":"hl7.fhir.hmis","text":{"status":"generated","div":"<div xmlns=\"http://www.w3.org/1999/xhtml\"><p class=\"res-header-id\"><b>Generated Narrative: ImplementationGuide hl7.fhir.hmis</b></p><a name=\"hl7.fhir.hmis\"> </a><a name=\"hchl7.fhir.hmis\"> </a><h2>NPCoreImplementationGuide</h2><p>The official URL for this implementation guide is: </p><pre>https://hl7.hmis.gov.np/ImplementationGuide/hl7.fhir.hmis</pre><div><p>The Electronic Health Management Information System (E-HMIS) FHIR Implementation Guide defines the core profiles, data elements, workflows, and terminologies necessary to support interoperable, standards-based reporting and service delivery for Nepal’s routine health information systems.\nThis guide aligns with national data standards, WHO Digital Adaptation Kits (DAKs), and global FHIR best practices. It enables structured data exchange between digital health systems and the national DHIS2-based HMIS platform, improving the accuracy, timeliness, and use of health data for decision-making.\nIt is developed to support routine service delivery programs such as Maternal and Child Health, CB-IMNCI, Immunization, and Basic Health Services, and will evolve to integrate real-time analytics, feedback loops, and decentralized data entry mechanisms.</p>\n</div></div>"},"url":"https://hl7.hmis.gov.np/ImplementationGuide/hl7.fhir.hmis","version":"0.0.1-ballot","name":"NPCoreImplementationGuide","title":"Nepal HMIS FHIR Implementation Guide","status":"active","date":"2025-08-01","publisher":"Integrated Health Information Management Section","contact":[{"name":"Integrated Health Information Management Section","telecom":[{"system":"url","value":"https://hmis.gov.np"},{"system":"email","value":"it@hmis.gov.np"}]},{"name":"RC Poudel","telecom":[{"system":"email","value":"rcpoudel@amakomaya.com"},{"system":"email","value":"rmchndrapdl@gmail.com"},{"system":"phone","value":"+977-9851341921"}]}],"description":"The Electronic Health Management Information System (E-HMIS) FHIR Implementation Guide defines the core profiles, data elements, workflows, and terminologies necessary to support interoperable, standards-based reporting and service delivery for Nepal’s routine health information systems.\nThis guide aligns with national data standards, WHO Digital Adaptation Kits (DAKs), and global FHIR best practices. It enables structured data exchange between digital health systems and the national DHIS2-based HMIS platform, improving the accuracy, timeliness, and use of health data for decision-making.\nIt is developed to support routine service delivery programs such as Maternal and Child Health, CB-IMNCI, Immunization, and Basic Health Services, and will evolve to integrate real-time analytics, feedback loops, and decentralized data entry mechanisms.","jurisdiction":[{"coding":[{"system":"urn:iso:std:iso:3166","code":"NP","display":"Nepal"}]}],"copyright":"Used by permission of HL7 International, all rights reserved Creative Commons License","packageId":"hl7.fhir.hmis","license":"CC-BY-SA-3.0","fhirVersion":["5.0.0"],"dependsOn":[{"id":"hl7tx","extension":[{"url":"http://hl7.org/fhir/tools/StructureDefinition/implementationguide-dependency-comment","valueMarkdown":"Automatically added as a dependency - all IGs depend on HL7 Terminology"}],"uri":"http://terminology.hl7.org/ImplementationGuide/hl7.terminology","packageId":"hl7.terminology.r5","version":"6.5.0"},{"id":"hl7ext","extension":[{"url":"http://hl7.org/fhir/tools/StructureDefinition/implementationguide-dependency-comment","valueMarkdown":"Automatically added as a dependency - all IGs depend on the HL7 Extension Pack"}],"uri":"http://hl7.org/fhir/extensions/ImplementationGuide/hl7.fhir.uv.extensions","packageId":"hl7.fhir.uv.extensions.r5","version":"5.2.0"}],"definition":{"extension":[{"url":"http://hl7.org/fhir/tools/StructureDefinition/ig-internal-dependency","valueCode":"hl7.fhir.uv.tools.r5#0.7.1"}],"grouping":[{"id":"-str-profile","name":"Structures: Resource Profiles","description":"These define constraints on FHIR resources for systems conforming to this implementation guide."},{"id":"-str-extension","name":"Structures: Extension Definitions","description":"These define constraints on FHIR data types for systems conforming to this implementation guide."},{"id":"-term-valueset","name":"Terminology: Value Sets","description":"These define sets of codes used by systems conforming to this implementation guide."},{"id":"-term-codesystem","name":"Terminology: Code Systems","description":"These define new code systems used by systems conforming to this implementation guide."},{"id":"-term-namingsystem","name":"Terminology: Naming Systems","description":"These define identifier and/or code system identities used by systems conforming to this implementation guide."},{"id":"-ex-example","name":"Example: Example Instances","description":"These are example instances that show what data produced and consumed by systems conforming with this implementation guide might look like."}],"resource":[{"extension":[{"url":"http://hl7.org/fhir/tools/StructureDefinition/resource-sort","valueInteger":999999999},{"url":"http://hl7.org/fhir/StructureDefinition/implementationguide-page","valueUri":"StructureDefinition-encounter-ehmis.html"}],"reference":{"reference":"StructureDefinition/encounter-ehmis"},"name":"Encounter for EHMIS","description":"Each service interaction or visit by a patient","isExample":false,"groupingId":"-str-profile"},{"extension":[{"url":"http://hl7.org/fhir/tools/StructureDefinition/resource-sort","valueInteger":999999999},{"url":"http://hl7.org/fhir/StructureDefinition/implementationguide-page","valueUri":"StructureDefinition-location-ehmis.html"}],"reference":{"reference":"StructureDefinition/location-ehmis"},"name":"Location Profile for EHMIS","description":"Healthcare delivery location (e.g., facility, ward)","isExample":false,"groupingId":"-str-profile"},{"extension":[{"url":"http://hl7.org/fhir/tools/StructureDefinition/resource-sort","valueInteger":999999999},{"url":"http://hl7.org/fhir/StructureDefinition/implementationguide-page","valueUri":"StructureDefinition-patient-profile.html"}],"reference":{"reference":"StructureDefinition/patient-profile"},"name":"Patient (स्वास्थ्य सेवाग्राही)","description":"Demographics and identifiers for patients in Nepal","isExample":false,"groupingId":"-str-profile"},{"extension":[{"url":"http://hl7.org/fhir/tools/StructureDefinition/resource-sort","valueInteger":999999999},{"url":"http://hl7.org/fhir/StructureDefinition/implementationguide-page","valueUri":"StructureDefinition-practitioner-ehmis.html"}],"reference":{"reference":"StructureDefinition/practitioner-ehmis"},"name":"Practitioner Profile for EHMIS","description":"Basic identity for health worker","isExample":false,"groupingId":"-str-profile"},{"extension":[{"url":"http://hl7.org/fhir/tools/StructureDefinition/resource-sort","valueInteger":999999999},{"url":"http://hl7.org/fhir/StructureDefinition/implementationguide-page","valueUri":"StructureDefinition-practitionerrole-ehmis.html"}],"reference":{"reference":"StructureDefinition/practitionerrole-ehmis"},"name":"Practitioner Role Profile for EHMIS","description":"Defines a practitioner's role and location","isExample":false,"groupingId":"-str-profile"},{"extension":[{"url":"http://hl7.org/fhir/tools/StructureDefinition/resource-sort","valueInteger":999999999},{"url":"http://hl7.org/fhir/StructureDefinition/implementationguide-page","valueUri":"StructureDefinition-ethnic-code.html"}],"reference":{"reference":"StructureDefinition/ethnic-code"},"name":"Ethnic Code","description":"Extension to capture जाति कोड (ethnicity) based on Nepali classification","isExample":false,"groupingId":"-str-extension"},{"extension":[{"url":"http://hl7.org/fhir/tools/StructureDefinition/resource-sort","valueInteger":999999999},{"url":"http://hl7.org/fhir/StructureDefinition/implementationguide-page","valueUri":"ValueSet-administrative-gender.html"}],"reference":{"reference":"ValueSet/administrative-gender"},"name":"Administrative Gender","description":"A value set containing administrative gender codes from the FHIR core.","isExample":false,"groupingId":"-term-valueset"},{"extension":[{"url":"http://hl7.org/fhir/tools/StructureDefinition/resource-sort","valueInteger":999999999},{"url":"http://hl7.org/fhir/StructureDefinition/implementationguide-page","valueUri":"ValueSet-age-range.html"}],"reference":{"reference":"ValueSet/age-range"},"name":"Age Range","description":"ValueSet including selected HMIS age ranges from the PeriodRangeCS CodeSystem","isExample":false,"groupingId":"-term-valueset"},{"extension":[{"url":"http://hl7.org/fhir/tools/StructureDefinition/resource-sort","valueInteger":999999999},{"url":"http://hl7.org/fhir/StructureDefinition/implementationguide-page","valueUri":"ValueSet-condition-severity.html"}],"reference":{"reference":"ValueSet/condition-severity"},"name":"Condition / Diagnosis Severity","description":"Preferred value set for Condition/Diagnosis severity grading","isExample":false,"groupingId":"-term-valueset"},{"extension":[{"url":"http://hl7.org/fhir/tools/StructureDefinition/resource-sort","valueInteger":999999999},{"url":"http://hl7.org/fhir/StructureDefinition/implementationguide-page","valueUri":"ValueSet-district.html"}],"reference":{"reference":"ValueSet/district"},"name":"District","description":"All district used in administrative divisions","isExample":false,"groupingId":"-term-valueset"},{"extension":[{"url":"http://hl7.org/fhir/tools/StructureDefinition/resource-sort","valueInteger":999999999},{"url":"http://hl7.org/fhir/StructureDefinition/implementationguide-page","valueUri":"ValueSet-educational-level.html"}],"reference":{"reference":"ValueSet/educational-level"},"name":"Educational Level","description":"Combined SNOMED CT, HL7 v3, and local codes for the highest level of education attained.","isExample":false,"groupingId":"-term-valueset"},{"extension":[{"url":"http://hl7.org/fhir/tools/StructureDefinition/resource-sort","valueInteger":999999999},{"url":"http://hl7.org/fhir/StructureDefinition/implementationguide-page","valueUri":"ValueSet-employment-status.html"}],"reference":{"reference":"ValueSet/employment-status"},"name":"Employment (रोजगारी स्थिति)","description":"Codes representing employment status of a person.","isExample":false,"groupingId":"-term-valueset"},{"extension":[{"url":"http://hl7.org/fhir/tools/StructureDefinition/resource-sort","valueInteger":999999999},{"url":"http://hl7.org/fhir/StructureDefinition/implementationguide-page","valueUri":"ValueSet-ethnic-code.html"}],"reference":{"reference":"ValueSet/ethnic-code"},"name":"Ethnic Code","description":"ValueSet for जाति कोड (Ethnic Codes in Nepal)","isExample":false,"groupingId":"-term-valueset"},{"extension":[{"url":"http://hl7.org/fhir/tools/StructureDefinition/resource-sort","valueInteger":999999999},{"url":"http://hl7.org/fhir/StructureDefinition/implementationguide-page","valueUri":"ValueSet-free-cost.html"}],"reference":{"reference":"ValueSet/free-cost"},"name":"Free Cost","description":"ValueSet for Free Cost","isExample":false,"groupingId":"-term-valueset"},{"extension":[{"url":"http://hl7.org/fhir/tools/StructureDefinition/resource-sort","valueInteger":999999999},{"url":"http://hl7.org/fhir/StructureDefinition/implementationguide-page","valueUri":"ValueSet-free-service-eligibility.html"}],"reference":{"reference":"ValueSet/free-service-eligibility"},"name":"Free Service Eligibility","description":"ValueSet representing individuals eligible for free health services","isExample":false,"groupingId":"-term-valueset"},{"extension":[{"url":"http://hl7.org/fhir/tools/StructureDefinition/resource-sort","valueInteger":999999999},{"url":"http://hl7.org/fhir/StructureDefinition/implementationguide-page","valueUri":"ValueSet-localbody.html"}],"reference":{"reference":"ValueSet/localbody"},"name":"LocalBody","description":"All LocalBody used in administrative divisions","isExample":false,"groupingId":"-term-valueset"},{"extension":[{"url":"http://hl7.org/fhir/tools/StructureDefinition/resource-sort","valueInteger":999999999},{"url":"http://hl7.org/fhir/StructureDefinition/implementationguide-page","valueUri":"ValueSet-marital-status.html"}],"reference":{"reference":"ValueSet/marital-status"},"name":"Marital Status (वैवाहिक स्थिति)","description":"Codes representing marital status of a person.","isExample":false,"groupingId":"-term-valueset"},{"extension":[{"url":"http://hl7.org/fhir/tools/StructureDefinition/resource-sort","valueInteger":999999999},{"url":"http://hl7.org/fhir/StructureDefinition/implementationguide-page","valueUri":"ValueSet-option-set-yes-no.html"}],"reference":{"reference":"ValueSet/option-set-yes-no"},"name":"Option Set - Yes / No / Yes-only / Don't know / Not applicable / Positive / Negative","description":"Master option set for Yes/No/Yes-only/Don't know/Not applicable, Positive/Negative questions, including Nepali designations:छ/छैन, \nहो/होइन, गराएको/नगराएको, लिएको/नलिएको, भएको/नभएको, पास/फेल, पाएको/नपाएको\nUsed for:\n- Presumptive TB Case (सम्भावित क्षयरोग विरामी)\n- Gender Based Violence (लैंगिक हिंसा)\n- Exclusively Breastfeeding (शिशुलाइ जन्मेको ६ महिना सम्म स्तनपान मात्र गराएको)\n- Complementary Food (६ महिना पछि स्तनपान साथै ठोस, अर्धठोस र नरम खाना सुरू)\n- GDS Present (General Danger Sign Present)\n- Chest Indrawing (Yes only)\n- Stridor (Yes only)\n- Wheezing (Yes only)\n- Condom Use\n- Lab test results (Positive/Negative)","isExample":false,"groupingId":"-term-valueset"},{"extension":[{"url":"http://hl7.org/fhir/tools/StructureDefinition/resource-sort","valueInteger":999999999},{"url":"http://hl7.org/fhir/StructureDefinition/implementationguide-page","valueUri":"ValueSet-patient-registration-type.html"}],"reference":{"reference":"ValueSet/patient-registration-type"},"name":"Patient Registration Type","description":"Patient registration types mapped to SNOMED CT concepts with Nepali display.","isExample":false,"groupingId":"-term-valueset"},{"extension":[{"url":"http://hl7.org/fhir/tools/StructureDefinition/resource-sort","valueInteger":999999999},{"url":"http://hl7.org/fhir/StructureDefinition/implementationguide-page","valueUri":"ValueSet-visit-ordinal.html"}],"reference":{"reference":"ValueSet/visit-ordinal"},"name":"Patient Visit Ordinal","description":"ValueSet combining SNOMED CT codes for first and follow-up visits with local codes for second, third, and repeat visits.","isExample":false,"groupingId":"-term-valueset"},{"extension":[{"url":"http://hl7.org/fhir/tools/StructureDefinition/resource-sort","valueInteger":999999999},{"url":"http://hl7.org/fhir/StructureDefinition/implementationguide-page","valueUri":"ValueSet-province.html"}],"reference":{"reference":"ValueSet/province"},"name":"Province","description":"All provinces used in administrative divisions","isExample":false,"groupingId":"-term-valueset"},{"extension":[{"url":"http://hl7.org/fhir/tools/StructureDefinition/resource-sort","valueInteger":999999999},{"url":"http://hl7.org/fhir/StructureDefinition/implementationguide-page","valueUri":"ValueSet-service-area-address.html"}],"reference":{"reference":"ValueSet/service-area-address"},"name":"Service Area Address Classification","description":"Classification of address locations relative to the organization's service area and referral context, using SNOMED CT concepts to specify whether the address is inside or outside the service area and the type of location involved.","isExample":false,"groupingId":"-term-valueset"},{"extension":[{"url":"http://hl7.org/fhir/tools/StructureDefinition/resource-sort","valueInteger":999999999},{"url":"http://hl7.org/fhir/StructureDefinition/implementationguide-page","valueUri":"ValueSet-service-type.html"}],"reference":{"reference":"ValueSet/service-type"},"name":"Service Type","description":"Service Type","isExample":false,"groupingId":"-term-valueset"},{"extension":[{"url":"http://hl7.org/fhir/tools/StructureDefinition/resource-sort","valueInteger":999999999},{"url":"http://hl7.org/fhir/StructureDefinition/implementationguide-page","valueUri":"CodeSystem-ethnic-code.html"}],"reference":{"reference":"CodeSystem/ethnic-code"},"name":"Ethnic Code","description":"जाति कोडहरू: दलित, जनजाती, मधेसी, मुस्लिम, ब्राह्मण/क्षेत्री, अन्य","isExample":false,"groupingId":"-term-codesystem"},{"extension":[{"url":"http://hl7.org/fhir/tools/StructureDefinition/resource-sort","valueInteger":999999999},{"url":"http://hl7.org/fhir/StructureDefinition/implementationguide-page","valueUri":"CodeSystem-free-service-eligibility.html"}],"reference":{"reference":"CodeSystem/free-service-eligibility"},"name":"Free Service Eligibility","description":"Categories of individuals eligible for free health services (निशुल्क सेवा कोड)","isExample":false,"groupingId":"-term-codesystem"},{"extension":[{"url":"http://hl7.org/fhir/tools/StructureDefinition/resource-sort","valueInteger":999999999},{"url":"http://hl7.org/fhir/StructureDefinition/implementationguide-page","valueUri":"CodeSystem-locations.html"}],"reference":{"reference":"CodeSystem/locations"},"name":"Nepal Administrative Location Codes","description":"Comprehensive code system for Nepals provinces, districts, and municipalities.","isExample":false,"groupingId":"-term-codesystem"},{"extension":[{"url":"http://hl7.org/fhir/tools/StructureDefinition/resource-sort","valueInteger":999999999},{"url":"http://hl7.org/fhir/StructureDefinition/implementationguide-page","valueUri":"CodeSystem-period-range.html"}],"reference":{"reference":"CodeSystem/period-range"},"name":"Period Range","description":"HMIS period ranges codes based on IHE ADX Range Coding System. \nReference: IHE QRPH Supplement ADX, CP-QRPH-238, https://www.ihe.net/uploadedFiles/Documents/QRPH/IHE_QRPH_Suppl_ADX.pdf#page=78\n\nDurations define the amount if an intervening time between two time points. These durations are represented in the form P[n]Y[n]M[n]DT[n]H[n]M[n]S or P[n]W. The [n] is replaced by the value for each of the time elements that follow the [n] and the letters have the meaning:\n\nP is the duration designator (for period) placed at the start of the duration representation.\nY is the year designator that follows the value for the number of years.\nM is the month designator that follows the value for the number of months.\nW is the week designator that follows the value for the number of weeks.\nD is the day designator that follows the value for the number of days.\nT is the time designator that precedes the time components of the representation.\nH is the hour designator that follows the value for the number of hours.\nM is the minute designator that follows the value for the number of minutes.\nS is the second designator that follows the value for the number of seconds.","isExample":false,"groupingId":"-term-codesystem"},{"extension":[{"url":"http://hl7.org/fhir/tools/StructureDefinition/resource-sort","valueInteger":999999999},{"url":"http://hl7.org/fhir/StructureDefinition/implementationguide-page","valueUri":"CodeSystem-yes-no.html"}],"reference":{"reference":"CodeSystem/yes-no"},"name":"Yes / No CodeSystem","description":"For representing Yes and No values in Nepali.","isExample":false,"groupingId":"-term-codesystem"},{"extension":[{"url":"http://hl7.org/fhir/tools/StructureDefinition/resource-sort","valueInteger":999999999},{"url":"http://hl7.org/fhir/StructureDefinition/implementationguide-page","valueUri":"CodeSystem-free-cost.html"}],"reference":{"reference":"CodeSystem/free-cost"},"name":"निशुल्क/शुल्क रू","description":"निशुल्क/शुल्क रू","isExample":false,"groupingId":"-term-codesystem"},{"extension":[{"url":"http://hl7.org/fhir/tools/StructureDefinition/resource-sort","valueInteger":999999999},{"url":"http://hl7.org/fhir/StructureDefinition/implementationguide-page","valueUri":"CodeSystem-service-type.html"}],"reference":{"reference":"CodeSystem/service-type"},"name":"सेवाको किसिम कोड सिस्टम","description":"स्वास्थ्य सेवाका विभिन्न किसिमहरूको कोड सूची","isExample":false,"groupingId":"-term-codesystem"},{"extension":[{"url":"http://hl7.org/fhir/tools/StructureDefinition/resource-sort","valueInteger":999999999},{"url":"http://hl7.org/fhir/StructureDefinition/implementationguide-page","valueUri":"NamingSystem-HealthID.html"}],"reference":{"reference":"NamingSystem/HealthID"},"name":"National Health ID","description":"The official National Health Identification Number assigned by the Government of Nepal.","isExample":false,"groupingId":"-term-namingsystem"},{"extension":[{"url":"http://hl7.org/fhir/tools/StructureDefinition/resource-sort","valueInteger":999999999},{"url":"http://hl7.org/fhir/StructureDefinition/implementationguide-page","valueUri":"NamingSystem-NationalID.html"}],"reference":{"reference":"NamingSystem/NationalID"},"name":"National ID of the National","description":"The official National Identification Number assigned by the Government of Nepal.","isExample":false,"groupingId":"-term-namingsystem"},{"extension":[{"url":"http://hl7.org/fhir/tools/StructureDefinition/resource-sort","valueInteger":999999999},{"url":"http://hl7.org/fhir/StructureDefinition/implementationguide-page","valueUri":"Encounter-encounter-anc-visit.html"}],"reference":{"reference":"Encounter/encounter-anc-visit"},"name":"ANC Visit - Pregnant Woman","description":"An antenatal care visit for a pregnant woman.","isExample":true,"groupingId":"-ex-example"},{"extension":[{"url":"http://hl7.org/fhir/tools/StructureDefinition/resource-sort","valueInteger":999999999},{"url":"http://hl7.org/fhir/StructureDefinition/implementationguide-page","valueUri":"Immunization-immunization-bcg.html"}],"reference":{"reference":"Immunization/immunization-bcg"},"name":"Immunization Record - BCG","description":"An example of an immunization resource for BCG vaccine.","isExample":true,"groupingId":"-ex-example"},{"extension":[{"url":"http://hl7.org/fhir/tools/StructureDefinition/resource-sort","valueInteger":999999999},{"url":"http://hl7.org/fhir/StructureDefinition/implementationguide-page","valueUri":"Immunization-immunization-dpt.html"}],"reference":{"reference":"Immunization/immunization-dpt"},"name":"Immunization Record - DPT","description":"An example of an immunization resource for Diphtheria, Pertussis, and Tetanus (DPT) vaccine.","isExample":true,"groupingId":"-ex-example"},{"extension":[{"url":"http://hl7.org/fhir/tools/StructureDefinition/resource-sort","valueInteger":999999999},{"url":"http://hl7.org/fhir/StructureDefinition/implementationguide-page","valueUri":"Immunization-immunization-fipv.html"}],"reference":{"reference":"Immunization/immunization-fipv"},"name":"Immunization Record - Fractional Injectable Polio Vaccine (fIPV)","description":"Example immunization resource for fractional IPV, given intradermally at 14 weeks and 9 months (2 doses).","isExample":true,"groupingId":"-ex-example"},{"extension":[{"url":"http://hl7.org/fhir/tools/StructureDefinition/resource-sort","valueInteger":999999999},{"url":"http://hl7.org/fhir/StructureDefinition/implementationguide-page","valueUri":"Immunization-immunization-hpv.html"}],"reference":{"reference":"Immunization/immunization-hpv"},"name":"Immunization Record - HPV Vaccine","description":"Example immunization resource for Human Papillomavirus vaccine, given intramuscularly to adolescent girls in grades 6-10 and out-of-school girls aged 10+.","isExample":true,"groupingId":"-ex-example"},{"extension":[{"url":"http://hl7.org/fhir/tools/StructureDefinition/resource-sort","valueInteger":999999999},{"url":"http://hl7.org/fhir/StructureDefinition/implementationguide-page","valueUri":"Immunization-immunization-je.html"}],"reference":{"reference":"Immunization/immunization-je"},"name":"Immunization Record - Japanese Encephalitis Vaccine","description":"Example immunization resource for Japanese Encephalitis vaccine, given subcutaneously at 12 months.","isExample":true,"groupingId":"-ex-example"},{"extension":[{"url":"http://hl7.org/fhir/tools/StructureDefinition/resource-sort","valueInteger":999999999},{"url":"http://hl7.org/fhir/StructureDefinition/implementationguide-page","valueUri":"Immunization-immunization-mr.html"}],"reference":{"reference":"Immunization/immunization-mr"},"name":"Immunization Record - Measles-Rubella Vaccine","description":"Example immunization resource for Measles-Rubella vaccine, given subcutaneously at 9 and 15 months.","isExample":true,"groupingId":"-ex-example"},{"extension":[{"url":"http://hl7.org/fhir/tools/StructureDefinition/resource-sort","valueInteger":999999999},{"url":"http://hl7.org/fhir/StructureDefinition/implementationguide-page","valueUri":"Immunization-immunization-opv.html"}],"reference":{"reference":"Immunization/immunization-opv"},"name":"Immunization Record - OPV","description":"An example of an immunization resource for Oral Polio Vaccine (OPV).","isExample":true,"groupingId":"-ex-example"},{"extension":[{"url":"http://hl7.org/fhir/tools/StructureDefinition/resource-sort","valueInteger":999999999},{"url":"http://hl7.org/fhir/StructureDefinition/implementationguide-page","valueUri":"Immunization-immunization-pcv.html"}],"reference":{"reference":"Immunization/immunization-pcv"},"name":"Immunization Record - PCV","description":"An example of an immunization resource for Pneumococcal Conjugate Vaccine (PCV).","isExample":true,"groupingId":"-ex-example"},{"extension":[{"url":"http://hl7.org/fhir/tools/StructureDefinition/resource-sort","valueInteger":999999999},{"url":"http://hl7.org/fhir/StructureDefinition/implementationguide-page","valueUri":"Immunization-immunization-penta.html"}],"reference":{"reference":"Immunization/immunization-penta"},"name":"Immunization Record - Pentavalent Vaccine","description":"An example of an immunization resource for the Pentavalent vaccine (DPT-HepB-Hib).","isExample":true,"groupingId":"-ex-example"},{"extension":[{"url":"http://hl7.org/fhir/tools/StructureDefinition/resource-sort","valueInteger":999999999},{"url":"http://hl7.org/fhir/StructureDefinition/implementationguide-page","valueUri":"Immunization-immunization-polio.html"}],"reference":{"reference":"Immunization/immunization-polio"},"name":"Immunization Record - Polio","description":"An example of an immunization resource for Poliomyelitis vaccine (IPV/OPV).","isExample":true,"groupingId":"-ex-example"},{"extension":[{"url":"http://hl7.org/fhir/tools/StructureDefinition/resource-sort","valueInteger":999999999},{"url":"http://hl7.org/fhir/StructureDefinition/implementationguide-page","valueUri":"Immunization-immunization-rota.html"}],"reference":{"reference":"Immunization/immunization-rota"},"name":"Immunization Record - Rotavirus","description":"An example of an immunization resource for Rotavirus vaccine.","isExample":true,"groupingId":"-ex-example"},{"extension":[{"url":"http://hl7.org/fhir/tools/StructureDefinition/resource-sort","valueInteger":999999999},{"url":"http://hl7.org/fhir/StructureDefinition/implementationguide-page","valueUri":"Immunization-immunization-td.html"}],"reference":{"reference":"Immunization/immunization-td"},"name":"Immunization Record - Td","description":"An example of an immunization resource for Tetanus and Diphtheria (Td) vaccine.","isExample":true,"groupingId":"-ex-example"},{"extension":[{"url":"http://hl7.org/fhir/tools/StructureDefinition/resource-sort","valueInteger":999999999},{"url":"http://hl7.org/fhir/StructureDefinition/implementationguide-page","valueUri":"Immunization-immunization-typhoid.html"}],"reference":{"reference":"Immunization/immunization-typhoid"},"name":"Immunization Record - Typhoid Vaccine","description":"Example immunization resource for Typhoid vaccine, given intramuscularly at 15 months.","isExample":true,"groupingId":"-ex-example"},{"extension":[{"url":"http://hl7.org/fhir/tools/StructureDefinition/resource-sort","valueInteger":999999999},{"url":"http://hl7.org/fhir/StructureDefinition/implementationguide-page","valueUri":"Location-ExampleLocation.html"}],"reference":{"reference":"Location/ExampleLocation"},"name":"Location","isExample":true,"profile":["https://hl7.hmis.gov.np/StructureDefinition/location-ehmis"],"groupingId":"-ex-example"},{"extension":[{"url":"http://hl7.org/fhir/tools/StructureDefinition/resource-sort","valueInteger":999999999},{"url":"http://hl7.org/fhir/StructureDefinition/implementationguide-page","valueUri":"Patient-PatientExample.html"}],"reference":{"reference":"Patient/PatientExample"},"name":"Patient","description":"ईलाम जिल्ला, ईलाम नगरपालिका वडा नं. ५ की २१ बर्षिय हिरामाया तामाङ मिति २०७० पौष १३ गते पहिलो सेवाग्राहीको रुपमा जिल्ला अस्पताल ईलाममा परिवार नियोजनको डिपो सुई लिन पहिलो पटक आईन । अब, मूलदर्तामा उनको नाम दर्ता गर्नुहोस्। पौष १२ गतेको अन्तिम क्र.सं. २०९ र मूल दर्ता नं. १२७७ भएको छ ।","isExample":true,"groupingId":"-ex-example"},{"extension":[{"url":"http://hl7.org/fhir/tools/StructureDefinition/resource-sort","valueInteger":999999999},{"url":"http://hl7.org/fhir/StructureDefinition/implementationguide-page","valueUri":"Observation-observation-child-weight.html"}],"reference":{"reference":"Observation/observation-child-weight"},"name":"Weight Measurement for Child","description":"An example observation recording the weight of a child.","isExample":true,"groupingId":"-ex-example"}],"page":{"sourceUrl":"toc.html","name":"toc.html","title":"Table of Contents","generation":"html","page":[{"sourceUrl":"index.html","name":"index.html","title":"Home","generation":"markdown"},{"sourceUrl":"codesystems.html","name":"codesystems.html","title":"Code Systems","generation":"markdown"},{"sourceUrl":"valuesets.html","name":"valuesets.html","title":"Value Sets","generation":"markdown"},{"sourceUrl":"identifiers.html","name":"identifiers.html","title":"Identifier Systems","generation":"markdown"},{"sourceUrl":"external_terminologies.html","name":"external_terminologies.html","title":"External Code Systems","generation":"markdown"},{"sourceUrl":"smart-index.html","name":"smart-index.html","title":"SMART Guidelines","generation":"markdown"},{"sourceUrl":"health-journey.html","name":"health-journey.html","title":"Health Journey","generation":"markdown"},{"sourceUrl":"profiles.html","name":"profiles.html","title":"Profiles","generation":"markdown"},{"sourceUrl":"examples.html","name":"examples.html","title":"Examples","generation":"markdown"},{"sourceUrl":"health-journey-mnch.html","name":"health-journey-mnch.html","title":"Health Journey Mnch","generation":"markdown"},{"sourceUrl":"health-journey-immunization.html","name":"health-journey-immunization.html","title":"Health Journey Immunization","generation":"markdown"},{"sourceUrl":"health-journey-opd.html","name":"health-journey-opd.html","title":"Health Journey Opd","generation":"markdown"},{"sourceUrl":"artifacts.html","name":"artifacts.html","title":"Artifacts Summary","generation":"html","page":[{"sourceUrl":"StructureDefinition-encounter-ehmis.html","name":"StructureDefinition-encounter-ehmis.html","title":"Encounter for EHMIS","generation":"generated"},{"sourceUrl":"StructureDefinition-location-ehmis.html","name":"StructureDefinition-location-ehmis.html","title":"Location Profile for EHMIS","generation":"generated"},{"sourceUrl":"StructureDefinition-patient-profile.html","name":"StructureDefinition-patient-profile.html","title":"Patient (स्वास्थ्य सेवाग्राही)","generation":"generated"},{"sourceUrl":"StructureDefinition-practitioner-ehmis.html","name":"StructureDefinition-practitioner-ehmis.html","title":"Practitioner Profile for EHMIS","generation":"generated"},{"sourceUrl":"StructureDefinition-practitionerrole-ehmis.html","name":"StructureDefinition-practitionerrole-ehmis.html","title":"Practitioner Role Profile for EHMIS","generation":"generated"},{"sourceUrl":"StructureDefinition-ethnic-code.html","name":"StructureDefinition-ethnic-code.html","title":"Ethnic Code","generation":"generated"},{"sourceUrl":"ValueSet-administrative-gender.html","name":"ValueSet-administrative-gender.html","title":"Administrative Gender","generation":"generated"},{"sourceUrl":"ValueSet-age-range.html","name":"ValueSet-age-range.html","title":"Age Range","generation":"generated"},{"sourceUrl":"ValueSet-condition-severity.html","name":"ValueSet-condition-severity.html","title":"Condition / Diagnosis Severity","generation":"generated"},{"sourceUrl":"ValueSet-district.html","name":"ValueSet-district.html","title":"District","generation":"generated"},{"sourceUrl":"ValueSet-educational-level.html","name":"ValueSet-educational-level.html","title":"Educational Level","generation":"generated"},{"sourceUrl":"ValueSet-employment-status.html","name":"ValueSet-employment-status.html","title":"Employment (रोजगारी स्थिति)","generation":"generated"},{"sourceUrl":"ValueSet-ethnic-code.html","name":"ValueSet-ethnic-code.html","title":"Ethnic Code","generation":"generated"},{"sourceUrl":"ValueSet-free-cost.html","name":"ValueSet-free-cost.html","title":"Free Cost","generation":"generated"},{"sourceUrl":"ValueSet-free-service-eligibility.html","name":"ValueSet-free-service-eligibility.html","title":"Free Service Eligibility","generation":"generated"},{"sourceUrl":"ValueSet-localbody.html","name":"ValueSet-localbody.html","title":"LocalBody","generation":"generated"},{"sourceUrl":"ValueSet-marital-status.html","name":"ValueSet-marital-status.html","title":"Marital Status (वैवाहिक स्थिति)","generation":"generated"},{"sourceUrl":"ValueSet-option-set-yes-no.html","name":"ValueSet-option-set-yes-no.html","title":"Option Set - Yes / No / Yes-only / Don't know / Not applicable / Positive / Negative","generation":"generated"},{"sourceUrl":"ValueSet-patient-registration-type.html","name":"ValueSet-patient-registration-type.html","title":"Patient Registration Type","generation":"generated"},{"sourceUrl":"ValueSet-visit-ordinal.html","name":"ValueSet-visit-ordinal.html","title":"Patient Visit Ordinal","generation":"generated"},{"sourceUrl":"ValueSet-province.html","name":"ValueSet-province.html","title":"Province","generation":"generated"},{"sourceUrl":"ValueSet-service-area-address.html","name":"ValueSet-service-area-address.html","title":"Service Area Address Classification","generation":"generated"},{"sourceUrl":"ValueSet-service-type.html","name":"ValueSet-service-type.html","title":"Service Type","generation":"generated"},{"sourceUrl":"CodeSystem-ethnic-code.html","name":"CodeSystem-ethnic-code.html","title":"Ethnic Code","generation":"generated"},{"sourceUrl":"CodeSystem-free-service-eligibility.html","name":"CodeSystem-free-service-eligibility.html","title":"Free Service Eligibility","generation":"generated"},{"sourceUrl":"CodeSystem-locations.html","name":"CodeSystem-locations.html","title":"Nepal Administrative Location Codes","generation":"generated"},{"sourceUrl":"CodeSystem-period-range.html","name":"CodeSystem-period-range.html","title":"Period Range","generation":"generated"},{"sourceUrl":"CodeSystem-yes-no.html","name":"CodeSystem-yes-no.html","title":"Yes / No CodeSystem","generation":"generated"},{"sourceUrl":"CodeSystem-free-cost.html","name":"CodeSystem-free-cost.html","title":"निशुल्क/शुल्क रू","generation":"generated"},{"sourceUrl":"CodeSystem-service-type.html","name":"CodeSystem-service-type.html","title":"सेवाको किसिम कोड सिस्टम","generation":"generated"},{"sourceUrl":"NamingSystem-HealthID.html","name":"NamingSystem-HealthID.html","title":"National Health ID","generation":"generated"},{"sourceUrl":"NamingSystem-NationalID.html","name":"NamingSystem-NationalID.html","title":"National ID of the National","generation":"generated"},{"sourceUrl":"Encounter-encounter-anc-visit.html","name":"Encounter-encounter-anc-visit.html","title":"ANC Visit - Pregnant Woman","generation":"generated"},{"sourceUrl":"Immunization-immunization-bcg.html","name":"Immunization-immunization-bcg.html","title":"Immunization Record - BCG","generation":"generated"},{"sourceUrl":"Immunization-immunization-dpt.html","name":"Immunization-immunization-dpt.html","title":"Immunization Record - DPT","generation":"generated"},{"sourceUrl":"Immunization-immunization-fipv.html","name":"Immunization-immunization-fipv.html","title":"Immunization Record - Fractional Injectable Polio Vaccine (fIPV)","generation":"generated"},{"sourceUrl":"Immunization-immunization-hpv.html","name":"Immunization-immunization-hpv.html","title":"Immunization Record - HPV Vaccine","generation":"generated"},{"sourceUrl":"Immunization-immunization-je.html","name":"Immunization-immunization-je.html","title":"Immunization Record - Japanese Encephalitis Vaccine","generation":"generated"},{"sourceUrl":"Immunization-immunization-mr.html","name":"Immunization-immunization-mr.html","title":"Immunization Record - Measles-Rubella Vaccine","generation":"generated"},{"sourceUrl":"Immunization-immunization-opv.html","name":"Immunization-immunization-opv.html","title":"Immunization Record - OPV","generation":"generated"},{"sourceUrl":"Immunization-immunization-pcv.html","name":"Immunization-immunization-pcv.html","title":"Immunization Record - PCV","generation":"generated"},{"sourceUrl":"Immunization-immunization-penta.html","name":"Immunization-immunization-penta.html","title":"Immunization Record - Pentavalent Vaccine","generation":"generated"},{"sourceUrl":"Immunization-immunization-polio.html","name":"Immunization-immunization-polio.html","title":"Immunization Record - Polio","generation":"generated"},{"sourceUrl":"Immunization-immunization-rota.html","name":"Immunization-immunization-rota.html","title":"Immunization Record - Rotavirus","generation":"generated"},{"sourceUrl":"Immunization-immunization-td.html","name":"Immunization-immunization-td.html","title":"Immunization Record - Td","generation":"generated"},{"sourceUrl":"Immunization-immunization-typhoid.html","name":"Immunization-immunization-typhoid.html","title":"Immunization Record - Typhoid Vaccine","generation":"generated"},{"sourceUrl":"Location-ExampleLocation.html","name":"Location-ExampleLocation.html","title":"Location","generation":"generated"},{"sourceUrl":"Patient-PatientExample.html","name":"Patient-PatientExample.html","title":"Patient","generation":"generated"},{"sourceUrl":"Observation-observation-child-weight.html","name":"Observation-observation-child-weight.html","title":"Weight Measurement for Child","generation":"generated"}]}]},"parameter":[{"code":{"system":"http://hl7.org/fhir/tools/CodeSystem/ig-parameters","code":"copyrightyear"},"value":"2025+"},{"code":{"system":"http://hl7.org/fhir/tools/CodeSystem/ig-parameters","code":"releaselabel"},"value":"ci-build"},{"code":{"system":"http://hl7.org/fhir/tools/CodeSystem/ig-parameters","code":"autoload-resources"},"value":"true"},{"code":{"system":"http://hl7.org/fhir/guide-parameter-code","code":"path-resource"},"value":"input/capabilities"},{"code":{"system":"http://hl7.org/fhir/guide-parameter-code","code":"path-resource"},"value":"input/examples"},{"code":{"system":"http://hl7.org/fhir/guide-parameter-code","code":"path-resource"},"value":"input/extensions"},{"code":{"system":"http://hl7.org/fhir/guide-parameter-code","code":"path-resource"},"value":"input/models"},{"code":{"system":"http://hl7.org/fhir/guide-parameter-code","code":"path-resource"},"value":"input/operations"},{"code":{"system":"http://hl7.org/fhir/guide-parameter-code","code":"path-resource"},"value":"input/profiles"},{"code":{"system":"http://hl7.org/fhir/guide-parameter-code","code":"path-resource"},"value":"input/resources"},{"code":{"system":"http://hl7.org/fhir/guide-parameter-code","code":"path-resource"},"value":"input/vocabulary"},{"code":{"system":"http://hl7.org/fhir/guide-parameter-code","code":"path-resource"},"value":"input/maps"},{"code":{"system":"http://hl7.org/fhir/guide-parameter-code","code":"path-resource"},"value":"input/testing"},{"code":{"system":"http://hl7.org/fhir/guide-parameter-code","code":"path-resource"},"value":"input/history"},{"code":{"system":"http://hl7.org/fhir/guide-parameter-code","code":"path-resource"},"value":"fsh-generated/resources"},{"code":{"system":"http://hl7.org/fhir/guide-parameter-code","code":"path-pages"},"value":"template/config"},{"code":{"system":"http://hl7.org/fhir/guide-parameter-code","code":"path-pages"},"value":"input/images"},{"code":{"system":"http://hl7.org/fhir/tools/CodeSystem/ig-parameters","code":"path-liquid"},"value":"template/liquid"},{"code":{"system":"http://hl7.org/fhir/tools/CodeSystem/ig-parameters","code":"path-liquid"},"value":"input/liquid"},{"code":{"system":"http://hl7.org/fhir/tools/CodeSystem/ig-parameters","code":"path-qa"},"value":"temp/qa"},{"code":{"system":"http://hl7.org/fhir/tools/CodeSystem/ig-parameters","code":"path-temp"},"value":"temp/pages"},{"code":{"system":"http://hl7.org/fhir/tools/CodeSystem/ig-parameters","code":"path-output"},"value":"output"},{"code":{"system":"http://hl7.org/fhir/guide-parameter-code","code":"path-tx-cache"},"value":"input-cache/txcache"},{"code":{"system":"http://hl7.org/fhir/tools/CodeSystem/ig-parameters","code":"path-suppressed-warnings"},"value":"input/ignoreWarnings.txt"},{"code":{"system":"http://hl7.org/fhir/tools/CodeSystem/ig-parameters","code":"path-history"},"value":"history.html"},{"code":{"system":"http://hl7.org/fhir/tools/CodeSystem/ig-parameters","code":"template-html"},"value":"template-page.html"},{"code":{"system":"http://hl7.org/fhir/tools/CodeSystem/ig-parameters","code":"template-md"},"value":"template-page-md.html"},{"code":{"system":"http://hl7.org/fhir/tools/CodeSystem/ig-parameters","code":"apply-contact"},"value":"true"},{"code":{"system":"http://hl7.org/fhir/tools/CodeSystem/ig-parameters","code":"apply-context"},"value":"true"},{"code":{"system":"http://hl7.org/fhir/tools/CodeSystem/ig-parameters","code":"apply-copyright"},"value":"true"},{"code":{"system":"http://hl7.org/fhir/tools/CodeSystem/ig-parameters","code":"apply-jurisdiction"},"value":"true"},{"code":{"system":"http://hl7.org/fhir/tools/CodeSystem/ig-parameters","code":"apply-license"},"value":"true"},{"code":{"system":"http://hl7.org/fhir/tools/CodeSystem/ig-parameters","code":"apply-publisher"},"value":"true"},{"code":{"system":"http://hl7.org/fhir/tools/CodeSystem/ig-parameters","code":"apply-version"},"value":"true"},{"code":{"system":"http://hl7.org/fhir/tools/CodeSystem/ig-parameters","code":"apply-wg"},"value":"true"},{"code":{"system":"http://hl7.org/fhir/tools/CodeSystem/ig-parameters","code":"active-tables"},"value":"true"},{"code":{"system":"http://hl7.org/fhir/tools/CodeSystem/ig-parameters","code":"fmm-definition"},"value":"http://hl7.org/fhir/versions.html#maturity"},{"code":{"system":"http://hl7.org/fhir/tools/CodeSystem/ig-parameters","code":"propagate-status"},"value":"true"},{"code":{"system":"http://hl7.org/fhir/tools/CodeSystem/ig-parameters","code":"excludelogbinaryformat"},"value":"true"},{"code":{"system":"http://hl7.org/fhir/tools/CodeSystem/ig-parameters","code":"tabbed-snapshots"},"value":"true"}]}}