{"resourceType":"ValueSet","id":"administrative-gender","text":{"status":"generated","div":"<div xmlns=\"http://www.w3.org/1999/xhtml\"><p class=\"res-header-id\"><b>Generated Narrative: ValueSet administrative-gender</b></p><a name=\"administrative-gender\"> </a><a name=\"hcadministrative-gender\"> </a><ul><li>Include all codes defined in <a href=\"http://hl7.org/fhir/R5/codesystem-administrative-gender.html\"><code>http://hl7.org/fhir/administrative-gender</code></a></li></ul></div>"},"url":"http://example.org/fhir/ValueSet/administrative-gender-vs","version":"1.0.1","name":"AdministrativeGenderVS","title":"Administrative Gender","status":"active","date":"2025-08-07T10:18:47+05:45","publisher":"Integrated Health Information Management Section","contact":[{"name":"Integrated Health Information Management Section","telecom":[{"system":"url","value":"https://hmis.gov.np"},{"system":"email","value":"it@hmis.gov.np"}]},{"name":"RC Poudel","telecom":[{"system":"email","value":"rcpoudel@amakomaya.com","use":"work"}]}],"description":"A value set containing administrative gender codes from the FHIR core.","jurisdiction":[{"coding":[{"system":"urn:iso:std:iso:3166","code":"NP","display":"Nepal"}]}],"copyright":"Used by permission of HL7 International, all rights reserved Creative Commons License","compose":{"include":[{"system":"http://hl7.org/fhir/administrative-gender"}]}}