{"resourceType":"ValueSet","id":"condition-code","text":{"status":"generated","div":"<div xmlns=\"http://www.w3.org/1999/xhtml\"><p class=\"res-header-id\"><b>Generated Narrative: ValueSet condition-code</b></p><a name=\"condition-code\"> </a><a name=\"hccondition-code\"> </a><ul><li>Include codes from<a href=\"http://www.snomed.org/\"><code>http://snomed.info/sct</code></a> where concept  is-a 404684003 (Clinical finding (finding))</li></ul></div>"},"url":"https://fhir.hmis.gov.np/ValueSet/condition-code","version":"0.0.1-ballot","name":"ConditionCodeVS","title":"Condition/Problem/Diagnosis codes","status":"active","date":"2025-09-07T15:46:36+05:45","publisher":"Integrated Health Information Management Section","contact":[{"name":"Integrated Health Information Management Section","telecom":[{"system":"url","value":"https://hmis.gov.np"},{"system":"email","value":"it@hmis.gov.np"}]},{"name":"RC Poudel","telecom":[{"system":"email","value":"rcpoudel@amakomaya.com"},{"system":"email","value":"rmchndrapdl@gmail.com"},{"system":"phone","value":"+977-9851341921"}]}],"description":"Condition/Problem/Diagnosis codes","jurisdiction":[{"coding":[{"system":"urn:iso:std:iso:3166","code":"NP"}]}],"copyright":"Used by permission of HL7 International, all rights reserved Creative Commons License","compose":{"include":[{"system":"http://snomed.info/sct","filter":[{"property":"concept","op":"is-a","value":"404684003"}]}]}}