{"resourceType":"ValueSet","id":"educational-level","text":{"status":"extensions","div":"<div xmlns=\"http://www.w3.org/1999/xhtml\"><p class=\"res-header-id\"><b>Generated Narrative: ValueSet educational-level</b></p><a name=\"educational-level\"> </a><a name=\"hceducational-level\"> </a><p>This value set includes codes based on the following rules:</p><ul><li>Include these codes as defined in <a href=\"http://www.snomed.org/\"><code>http://snomed.info/sct</code></a><table class=\"none\"><tr><td style=\"white-space:nowrap\"><b>Code</b></td><td><b>Display</b></td></tr><tr><td><a href=\"http://snomed.info/id/224303000\">224303000</a></td><td>No schooling</td></tr><tr><td><a href=\"http://snomed.info/id/105421009\">105421009</a></td><td>Illiterate</td></tr><tr><td><a href=\"http://snomed.info/id/224297000\">224297000</a></td><td>Primary school education</td></tr><tr><td><a href=\"http://snomed.info/id/310172006\">310172006</a></td><td>Secondary school education</td></tr><tr><td><a href=\"http://snomed.info/id/224300002\">224300002</a></td><td>University education</td></tr></table></li><li>Include these codes as defined in <a href=\"http://terminology.hl7.org/6.5.0/CodeSystem-v3-EducationLevel.html\"><code>http://terminology.hl7.org/CodeSystem/v3-EducationLevel</code></a><table class=\"none\"><tr><td style=\"white-space:nowrap\"><b>Code</b></td><td><b>Display</b></td><td><b>Definition</b></td></tr><tr><td><a href=\"http://terminology.hl7.org/6.5.0/CodeSystem-v3-EducationLevel.html#v3-EducationLevel-NOED\">NOED</a></td><td>No education</td><td/></tr><tr><td><a href=\"http://terminology.hl7.org/6.5.0/CodeSystem-v3-EducationLevel.html#v3-EducationLevel-ELEM\">ELEM</a></td><td>Elementary school</td><td>Elementary School</td></tr><tr><td><a href=\"http://terminology.hl7.org/6.5.0/CodeSystem-v3-EducationLevel.html#v3-EducationLevel-SEC\">SEC</a></td><td>Secondary school</td><td>Some secondary or high school education</td></tr><tr><td><a href=\"http://terminology.hl7.org/6.5.0/CodeSystem-v3-EducationLevel.html#v3-EducationLevel-BACH\">BACH</a></td><td>Bachelor's degree</td><td/></tr><tr><td><a href=\"http://terminology.hl7.org/6.5.0/CodeSystem-v3-EducationLevel.html#v3-EducationLevel-MSTR\">MSTR</a></td><td>Master's degree</td><td/></tr><tr><td><a href=\"http://terminology.hl7.org/6.5.0/CodeSystem-v3-EducationLevel.html#v3-EducationLevel-DOC\">DOC</a></td><td>Doctorate</td><td/></tr></table></li><li>Include these codes as defined in <a href=\"http://loinc.org\"><code>http://loinc.org</code></a><table class=\"none\"><tr><td style=\"white-space:nowrap\"><b>Code</b></td><td><b>Display</b></td></tr><tr><td><a href=\"https://loinc.org/60957-0/\">60957-0</a></td><td>Highest education level attained</td></tr><tr><td><a href=\"https://loinc.org/82589-3/\">82589-3</a></td><td>Highest level of education [US Standard]</td></tr><tr><td><a href=\"https://loinc.org/96777-4/\">96777-4</a></td><td>Education level</td></tr></table></li></ul></div>"},"url":"https://hl7.hmis.gov.np/ValueSet/educational-level","version":"0.0.1-ballot","name":"EducationalLevelVS","title":"Educational Level","status":"active","experimental":false,"date":"2025-08-12T23:24:39+05:45","publisher":"Integrated Health Information Management Section","contact":[{"name":"Integrated Health Information Management Section","telecom":[{"system":"url","value":"https://hmis.gov.np"},{"system":"email","value":"it@hmis.gov.np"}]},{"name":"RC Poudel","telecom":[{"system":"email","value":"rcpoudel@amakomaya.com"},{"system":"email","value":"rmchndrapdl@gmail.com"},{"system":"phone","value":"+977-9851341921"}]}],"description":"Combined SNOMED CT, HL7 v3, and local codes for the highest level of education attained.","jurisdiction":[{"coding":[{"system":"urn:iso:std:iso:3166","code":"NP","display":"Nepal"}]}],"copyright":"Used by permission of HL7 International, all rights reserved Creative Commons License","compose":{"include":[{"system":"http://snomed.info/sct","concept":[{"code":"224303000","display":"No schooling"},{"code":"105421009","display":"Illiterate"},{"code":"224297000","display":"Primary school education"},{"code":"310172006","display":"Secondary school education"},{"code":"224300002","display":"University education"}]},{"system":"http://terminology.hl7.org/CodeSystem/v3-EducationLevel","concept":[{"code":"NOED","display":"No education"},{"code":"ELEM","display":"Elementary school"},{"code":"SEC","display":"Secondary school"},{"code":"BACH","display":"Bachelor's degree"},{"code":"MSTR","display":"Master's degree"},{"code":"DOC","display":"Doctorate"}]},{"system":"http://loinc.org","concept":[{"code":"60957-0","display":"Highest education level attained"},{"code":"82589-3","display":"Highest level of education [US Standard]"},{"code":"96777-4","display":"Education level"}]}]}}