{"resourceType":"ValueSet","id":"service-type","text":{"status":"generated","div":"<div xmlns=\"http://www.w3.org/1999/xhtml\"><p class=\"res-header-id\"><b>Generated Narrative: ValueSet service-type</b></p><a name=\"service-type\"> </a><a name=\"hcservice-type\"> </a><p>This value set includes codes based on the following rules:</p><ul><li>Include all codes defined in <a href=\"CodeSystem-service-type.html\"><code>https://fhir.hmis.gov.np/CodeSystem/service-type</code></a></li><li>Include codes from<a href=\"http://www.snomed.org/\"><code>http://snomed.info/sct</code></a> where concept  is-a 224891009 (Healthcare services)</li></ul></div>"},"url":"https://fhir.hmis.gov.np/ValueSet/service-type","version":"0.0.1-ballot","name":"ServiceTypeVS","title":"Service Type","status":"active","experimental":false,"date":"2025-08-31T08:04:43+05:45","publisher":"Integrated Health Information Management Section","contact":[{"name":"Integrated Health Information Management Section","telecom":[{"system":"url","value":"https://hmis.gov.np"},{"system":"email","value":"it@hmis.gov.np"}]},{"name":"RC Poudel","telecom":[{"system":"email","value":"rcpoudel@amakomaya.com"},{"system":"email","value":"rmchndrapdl@gmail.com"},{"system":"phone","value":"+977-9851341921"}]}],"description":"Service Type","jurisdiction":[{"coding":[{"system":"urn:iso:std:iso:3166","code":"NP"}]}],"copyright":"Used by permission of HL7 International, all rights reserved Creative Commons License","compose":{"include":[{"system":"https://fhir.hmis.gov.np/CodeSystem/service-type"},{"system":"http://snomed.info/sct","filter":[{"property":"concept","op":"is-a","value":"224891009"}]}]}}