{"resourceType":"ValueSet","id":"educational-level","text":{"status":"generated","div":"<div xmlns=\"http://www.w3.org/1999/xhtml\"><p class=\"res-header-id\"><b>Generated Narrative: ValueSet educational-level</b></p><a name=\"educational-level\"> </a><a name=\"hceducational-level\"> </a><ul><li>Include codes from<a href=\"http://www.snomed.org/\"><code>http://snomed.info/sct</code></a> where concept  is-a 365458002 (Education and/or schooling finding)</li></ul></div>"},"url":"https://fhir.hmis.gov.np/ValueSet/educational-level","version":"0.0.1-ballot","name":"EducationalLevelVS","title":"Educational Level","status":"active","experimental":false,"date":"2025-09-04T23:57:58+05:45","publisher":"Integrated Health Information Management Section","contact":[{"name":"Integrated Health Information Management Section","telecom":[{"system":"url","value":"https://hmis.gov.np"},{"system":"email","value":"it@hmis.gov.np"}]},{"name":"RC Poudel","telecom":[{"system":"email","value":"rcpoudel@amakomaya.com"},{"system":"email","value":"rmchndrapdl@gmail.com"},{"system":"phone","value":"+977-9851341921"}]}],"description":"SNOMED CT for the highest level of education attained.","jurisdiction":[{"coding":[{"system":"urn:iso:std:iso:3166","code":"NP"}]}],"copyright":"Used by permission of HL7 International, all rights reserved Creative Commons License","compose":{"include":[{"system":"http://snomed.info/sct","filter":[{"property":"concept","op":"is-a","value":"365458002"}]}]}}