{"resourceType":"ValueSet","id":"ethnic-code","text":{"status":"generated","div":"<div xmlns=\"http://www.w3.org/1999/xhtml\"><p class=\"res-header-id\"><b>Generated Narrative: ValueSet ethnic-code</b></p><a name=\"ethnic-code\"> </a><a name=\"hcethnic-code\"> </a><ul><li>Include all codes defined in <a href=\"CodeSystem-ethnic-code.html\"><code>https://hl7.hmis.gov.np/CodeSystem/ethnic-code</code></a></li></ul></div>"},"url":"https://hl7.hmis.gov.np/ValueSet/ethnic-code","version":"0.0.1-ballot","name":"EthnicCodeVS","title":"Ethnic Code","status":"active","date":"2025-08-14T11:08:36+05:45","publisher":"Integrated Health Information Management Section","contact":[{"name":"Integrated Health Information Management Section","telecom":[{"system":"url","value":"https://hmis.gov.np"},{"system":"email","value":"it@hmis.gov.np"}]},{"name":"RC Poudel","telecom":[{"system":"email","value":"rcpoudel@amakomaya.com"},{"system":"email","value":"rmchndrapdl@gmail.com"},{"system":"phone","value":"+977-9851341921"}]}],"description":"ValueSet for जाति कोड (Ethnic Codes in Nepal)","jurisdiction":[{"coding":[{"system":"urn:iso:std:iso:3166","code":"NP","display":"Nepal"}]}],"copyright":"Used by permission of HL7 International, all rights reserved Creative Commons License","compose":{"include":[{"system":"https://hl7.hmis.gov.np/CodeSystem/ethnic-code"}]}}