{"resourceType":"ValueSet","id":"service-area-address","text":{"status":"generated","div":"<div xmlns=\"http://www.w3.org/1999/xhtml\"><p class=\"res-header-id\"><b>Generated Narrative: ValueSet service-area-address</b></p><a name=\"service-area-address\"> </a><a name=\"hcservice-area-address\"> </a><ul><li>Include these codes as defined in <a href=\"http://www.snomed.org/\"><code>http://snomed.info/sct</code></a><table class=\"none\"><tr><td style=\"white-space:nowrap\"><b>Code</b></td><td><b>Display</b></td></tr><tr><td><a href=\"http://snomed.info/id/255604002\">255604002</a></td><td>Within organization's area</td></tr><tr><td><a href=\"http://snomed.info/id/255605001\">255605001</a></td><td>Outside organization's area</td></tr><tr><td><a href=\"http://snomed.info/id/225294001\">225294001</a></td><td>Health care facility (environment)</td></tr><tr><td><a href=\"http://snomed.info/id/44806009\">44806009</a></td><td>Community health volunteer (वितरण स्थान)</td></tr><tr><td><a href=\"http://snomed.info/id/308335008\">308335008</a></td><td>School (setting)</td></tr><tr><td><a href=\"http://snomed.info/id/394707004\">394707004</a></td><td>Primary health care service</td></tr><tr><td><a href=\"http://snomed.info/id/308335005\">308335005</a></td><td>Outpatient clinic (setting)</td></tr><tr><td><a href=\"http://snomed.info/id/440230006\">440230006</a></td><td>Self referral / Self admission</td></tr><tr><td><a href=\"http://snomed.info/id/7080001\">7080001</a></td><td>Special care unit</td></tr><tr><td><a href=\"http://snomed.info/id/390620009\">390620009</a></td><td>Community health clinic</td></tr><tr><td><a href=\"http://snomed.info/id/408729009\">408729009</a></td><td>Nutritional rehabilitation center</td></tr><tr><td><a href=\"http://snomed.info/id/265795009\">265795009</a></td><td>Home</td></tr><tr><td><a href=\"http://snomed.info/id/309343006\">309343006</a></td><td>Health care provider</td></tr><tr><td><a href=\"http://snomed.info/id/726919000\">726919000</a></td><td>Family member (person)</td></tr><tr><td><a href=\"http://snomed.info/id/394814009\">394814009</a></td><td>Pharmacy</td></tr><tr><td><a href=\"http://snomed.info/id/386661006\">386661006</a></td><td>Telephone service</td></tr><tr><td><a href=\"http://snomed.info/id/225319003\">225319003</a></td><td>Community (environment)</td></tr><tr><td><a href=\"http://snomed.info/id/308490002\">308490002</a></td><td>Referral to service</td></tr><tr><td><a href=\"http://snomed.info/id/308489006\">308489006</a></td><td>Referral from service</td></tr></table></li></ul></div>"},"url":"https://hl7.hmis.gov.np/ValueSet/service-area-address","version":"0.0.1-ballot","name":"ServiceAreaAddressVS","title":"Service Area Address Classification","status":"active","date":"2025-08-10T13:33:39+05:45","publisher":"Integrated Health Information Management Section","contact":[{"name":"Integrated Health Information Management Section","telecom":[{"system":"url","value":"https://hmis.gov.np"},{"system":"email","value":"it@hmis.gov.np"}]},{"name":"RC Poudel","telecom":[{"system":"email","value":"rcpoudel@amakomaya.com"},{"system":"email","value":"rmchndrapdl@gmail.com"},{"system":"phone","value":"+977-9851341921"}]}],"description":"Classification of address locations relative to the organization's service area and referral context, using SNOMED CT concepts to specify whether the address is inside or outside the service area and the type of location involved.","jurisdiction":[{"coding":[{"system":"urn:iso:std:iso:3166","code":"NP","display":"Nepal"}]}],"copyright":"Used by permission of HL7 International, all rights reserved Creative Commons License","compose":{"include":[{"system":"http://snomed.info/sct","concept":[{"code":"255604002","display":"Within organization's area"},{"code":"255605001","display":"Outside organization's area"},{"code":"225294001","display":"Health care facility (environment)"},{"code":"44806009","display":"Community health volunteer (वितरण स्थान)"},{"code":"308335008","display":"School (setting)"},{"code":"394707004","display":"Primary health care service"},{"code":"308335005","display":"Outpatient clinic (setting)"},{"code":"440230006","display":"Self referral / Self admission"},{"code":"7080001","display":"Special care unit"},{"code":"390620009","display":"Community health clinic"},{"code":"408729009","display":"Nutritional rehabilitation center"},{"code":"265795009","display":"Home"},{"code":"309343006","display":"Health care provider"},{"code":"726919000","display":"Family member (person)"},{"code":"394814009","display":"Pharmacy"},{"code":"386661006","display":"Telephone service"},{"code":"225319003","display":"Community (environment)"},{"code":"308490002","display":"Referral to service"},{"code":"308489006","display":"Referral from service"}]}]}}