{"resourceType":"ValueSet","id":"yes-no","text":{"status":"generated","div":"<div xmlns=\"http://www.w3.org/1999/xhtml\"><p class=\"res-header-id\"><b>Generated Narrative: ValueSet yes-no</b></p><a name=\"yes-no\"> </a><a name=\"hcyes-no\"> </a><ul><li>Include all codes defined in <a href=\"http://terminology.hl7.org/6.5.0/CodeSystem-v2-0532.html\"><code>http://terminology.hl7.org/CodeSystem/v2-0532</code></a></li></ul></div>"},"url":"https://fhir.hmis.gov.np/ValueSet/yes-no","version":"0.0.1-ballot","name":"YesNoVS","title":"Option Set - Yes / No / Yes-only / Don't know / Not applicable","status":"active","experimental":false,"date":"2025-09-07T15:46:36+05:45","publisher":"Integrated Health Information Management Section","contact":[{"name":"Integrated Health Information Management Section","telecom":[{"system":"url","value":"https://hmis.gov.np"},{"system":"email","value":"it@hmis.gov.np"}]},{"name":"RC Poudel","telecom":[{"system":"email","value":"rcpoudel@amakomaya.com"},{"system":"email","value":"rmchndrapdl@gmail.com"},{"system":"phone","value":"+977-9851341921"}]}],"description":"Master option set for Yes/No/Yes-only/Don't know/Not applicable, including Nepali designations:छ/छैन, हो/होइन, गराएको/नगराएको, लिएको/नलिएको, भएको/नभएको, पाएको/नपाएको\n\nUsed for:\n- Presumptive TB Case (सम्भावित क्षयरोग विरामी)\n- Gender Based Violence (लैंगिक हिंसा)\n- Exclusively Breastfeeding (शिशुलाइ जन्मेको ६ महिना सम्म स्तनपान मात्र गराएको)\n- Complementary Food (६ महिना पछि स्तनपान साथै ठोस, अर्धठोस र नरम खाना सुरू)\n- GDS Present (General Danger Sign Present)\n- Chest Indrawing (Yes only)\n- Stridor (Yes only)\n- Wheezing (Yes only)\n- Condom Use\n- Lab test results (Positive/Negative)\n\n| HL7 v2-0532 Code | SNOMED CT Code | English Meaning       | Nepali Variants                                      |\n|-----------------|----------------|--------------------|-----------------------------------------------------|\n| Y               | 373066001      | Yes / Affirmative  | हो / गराएको / लिएको / भएको / पाएको              |\n| N               | 373067005      | No / Negative      | होइन / नगराएको / नलिएको / नभएको / नपाएको      |\n","jurisdiction":[{"coding":[{"system":"urn:iso:std:iso:3166","code":"NP"}]}],"copyright":"Used by permission of HL7 International, all rights reserved Creative Commons License","compose":{"include":[{"system":"http://terminology.hl7.org/CodeSystem/v2-0532"}]}}