{
  "resourceType" : "Immunization",
  "id" : "immunization-penta",
  "text" : {
    "status" : "generated",
    "div" : "<div xmlns=\"http://www.w3.org/1999/xhtml\"><p class=\"res-header-id\"><b>Generated Narrative: Immunization immunization-penta</b></p><a name=\"immunization-penta\"> </a><a name=\"hcimmunization-penta\"> </a><p><b>status</b>: Completed</p><p><b>vaccineCode</b>: <span title=\"Codes:{http://snomed.info/sct 871738005}\">Pentavalent Vaccine (DPT-HepB-Hib)</span></p><p><b>patient</b>: <a href=\"Patient/example\">Patient/example</a></p><p><b>encounter</b>: <a href=\"Encounter/penta-admin-1\">Encounter/penta-admin-1</a></p><p><b>occurrence</b>: 2025-08-01</p><p><b>primarySource</b>: true</p><p><b>location</b>: <a href=\"Location/clinic-abc\">Location/clinic-abc</a></p></div>"
  },
  "status" : "completed",
  "vaccineCode" : {
    "coding" : [{
      "system" : "http://snomed.info/sct",
      "code" : "871738005",
      "display" : "Diphtheria+pertussis+tetanus+hepatitis B+Haemophilus influenzae type b vaccine"
    }],
    "text" : "Pentavalent Vaccine (DPT-HepB-Hib)"
  },
  "patient" : {
    "reference" : "Patient/example"
  },
  "encounter" : {
    "reference" : "Encounter/penta-admin-1"
  },
  "occurrenceDateTime" : "2025-08-01",
  "primarySource" : true,
  "location" : {
    "reference" : "Location/clinic-abc"
  }
}