{
  "resourceType" : "Immunization",
  "id" : "immunization-rota",
  "text" : {
    "status" : "generated",
    "div" : "<div xmlns=\"http://www.w3.org/1999/xhtml\"><p class=\"res-header-id\"><b>Generated Narrative: Immunization immunization-rota</b></p><a name=\"immunization-rota\"> </a><a name=\"hcimmunization-rota\"> </a><p><b>status</b>: Completed</p><p><b>vaccineCode</b>: <span title=\"Codes:{http://snomed.info/sct 871761004}\">Rotavirus Vaccine</span></p><p><b>patient</b>: <a href=\"Patient/example\">Patient/example</a></p><p><b>encounter</b>: <a href=\"Encounter/rota-admin-1\">Encounter/rota-admin-1</a></p><p><b>occurrence</b>: 2025-08-01</p><p><b>primarySource</b>: true</p><p><b>location</b>: <a href=\"Location/clinic-abc\">Location/clinic-abc</a></p></div>"
  },
  "status" : "completed",
  "vaccineCode" : {
    "coding" : [{
      "system" : "http://snomed.info/sct",
      "code" : "871761004",
      "display" : "Rotavirus vaccine"
    }],
    "text" : "Rotavirus Vaccine"
  },
  "patient" : {
    "reference" : "Patient/example"
  },
  "encounter" : {
    "reference" : "Encounter/rota-admin-1"
  },
  "occurrenceDateTime" : "2025-08-01",
  "primarySource" : true,
  "location" : {
    "reference" : "Location/clinic-abc"
  }
}