{
  "resourceType" : "Immunization",
  "id" : "immunization-fipv",
  "text" : {
    "status" : "generated",
    "div" : "<div xmlns=\"http://www.w3.org/1999/xhtml\"><p class=\"res-header-id\"><b>Generated Narrative: Immunization immunization-fipv</b></p><a name=\"immunization-fipv\"> </a><a name=\"hcimmunization-fipv\"> </a><p><b>status</b>: Completed</p><p><b>vaccineCode</b>: <span title=\"Codes:{http://snomed.info/sct 111762006}\">Fractional IPV (fIPV)</span></p><p><b>patient</b>: <a href=\"Patient/example\">Patient/example</a></p><p><b>encounter</b>: <a href=\"Encounter/fipv-admin-1\">Encounter/fipv-admin-1</a></p><p><b>occurrence</b>: 2025-08-01</p><p><b>primarySource</b>: true</p></div>"
  },
  "status" : "completed",
  "vaccineCode" : {
    "coding" : [{
      "system" : "http://snomed.info/sct",
      "code" : "111762006",
      "display" : "Inactivated poliomyelitis vaccine"
    }],
    "text" : "Fractional IPV (fIPV)"
  },
  "patient" : {
    "reference" : "Patient/example"
  },
  "encounter" : {
    "reference" : "Encounter/fipv-admin-1"
  },
  "occurrenceDateTime" : "2025-08-01",
  "primarySource" : true
}