{
  "resourceType" : "Immunization",
  "id" : "immunization-td",
  "text" : {
    "status" : "generated",
    "div" : "<div xmlns=\"http://www.w3.org/1999/xhtml\"><p class=\"res-header-id\"><b>Generated Narrative: Immunization immunization-td</b></p><a name=\"immunization-td\"> </a><a name=\"hcimmunization-td\"> </a><p><b>status</b>: Completed</p><p><b>vaccineCode</b>: <span title=\"Codes:{http://snomed.info/sct 871737000}\">Td Vaccine</span></p><p><b>patient</b>: <a href=\"Patient/example\">Patient/example</a></p><p><b>encounter</b>: <a href=\"Encounter/td-admin-1\">Encounter/td-admin-1</a></p><p><b>occurrence</b>: 2025-08-01 09:57:34+0000</p><p><b>primarySource</b>: true</p><p><b>location</b>: <a href=\"Location/clinic-abc\">Location/clinic-abc</a></p></div>"
  },
  "status" : "completed",
  "vaccineCode" : {
    "coding" : [{
      "system" : "http://snomed.info/sct",
      "code" : "871737000",
      "display" : "Tetanus and diphtheria toxoid vaccine"
    }],
    "text" : "Td Vaccine"
  },
  "patient" : {
    "reference" : "Patient/example"
  },
  "encounter" : {
    "reference" : "Encounter/td-admin-1"
  },
  "occurrenceDateTime" : "2025-08-01T09:57:34.2112Z",
  "primarySource" : true,
  "location" : {
    "reference" : "Location/clinic-abc"
  }
}