{
  "resourceType" : "Location",
  "id" : "location-bhsc",
  "text" : {
    "status" : "generated",
    "div" : "<div xmlns=\"http://www.w3.org/1999/xhtml\"><p class=\"res-header-id\"><b>Generated Narrative: Location location-bhsc</b></p><a name=\"location-bhsc\"> </a><a name=\"hclocation-bhsc\"> </a><p><b>status</b>: Active</p><p><b>name</b>: Basic Health Service Center, Tokha</p><p><b>mode</b>: Instance</p><p><b>type</b>: <span title=\"Codes:{https://fhir.hmis.gov.np/CodeSystem/facility-type bhsc}\">Basic Health Service Center</span></p><p><b>address</b>: Ward No. 5 Tokha Municipality Bagmati Province 44600 NP </p><h3>Positions</h3><table class=\"grid\"><tr><td style=\"display: none\">-</td><td><b>Longitude</b></td><td><b>Latitude</b></td></tr><tr><td style=\"display: none\">*</td><td>85.3206</td><td>27.7489</td></tr></table><p><b>managingOrganization</b>: <a href=\"Organization/example-org\">Organization/example-org</a></p></div>"
  },
  "status" : "active",
  "name" : "Basic Health Service Center, Tokha",
  "mode" : "instance",
  "type" : [{
    "coding" : [{
      "system" : "https://fhir.hmis.gov.np/CodeSystem/facility-type",
      "code" : "bhsc",
      "display" : "Basic Health Service Center"
    }]
  }],
  "address" : {
    "line" : ["Ward No. 5"],
    "city" : "Tokha Municipality",
    "state" : "Bagmati Province",
    "postalCode" : "44600",
    "country" : "NP"
  },
  "position" : {
    "longitude" : 85.3206,
    "latitude" : 27.7489
  },
  "managingOrganization" : {
    "reference" : "Organization/example-org"
  }
}