{
  "resourceType" : "Location",
  "id" : "ExampleLocation",
  "text" : {
    "status" : "generated",
    "div" : "<div xmlns=\"http://www.w3.org/1999/xhtml\"><p class=\"res-header-id\"><b>Generated Narrative: Location ExampleLocation</b></p><a name=\"ExampleLocation\"> </a><a name=\"hcExampleLocation\"> </a><p><b>name</b>: Health Post 12, Sunsari</p><p><b>type</b>: <span title=\"Codes:{http://terminology.hl7.org/CodeSystem/v3-RoleCode HOSP}\">Hospital</span></p><p><b>address</b>: Ward No. 5 Inaruwa Province 1 56700 </p><p><b>managingOrganization</b>: <a href=\"Organization/example-org\">Organization/example-org</a></p></div>"
  },
  "name" : "Health Post 12, Sunsari",
  "type" : [{
    "coding" : [{
      "system" : "http://terminology.hl7.org/CodeSystem/v3-RoleCode",
      "code" : "HOSP"
    }]
  }],
  "address" : {
    "line" : ["Ward No. 5"],
    "city" : "Inaruwa",
    "district" : "Sunsari",
    "state" : "Province 1",
    "postalCode" : "56700"
  },
  "managingOrganization" : {
    "reference" : "Organization/example-org"
  }
}