{
  "resourceType" : "Patient",
  "id" : "patient-child",
  "text" : {
    "status" : "generated",
    "div" : "<div xmlns=\"http://www.w3.org/1999/xhtml\"><p class=\"res-header-id\"><b>Generated Narrative: Patient patient-child</b></p><a name=\"patient-child\"> </a><a name=\"hcpatient-child\"> </a><p style=\"border: 1px #661aff solid; background-color: #e6e6ff; padding: 10px;\">Suman Thapa  Male, DoB: 2024-08-10 ( Person System ID:\u00a0SYS-005678\u00a0(use:\u00a0usual,\u00a0))</p><hr/><table class=\"grid\"><tr><td style=\"background-color: #f3f5da\" title=\"Record is active\">Active:</td><td colspan=\"3\">true</td></tr><tr><td style=\"background-color: #f3f5da\" title=\"Other Ids (see the one above)\">Other Ids:</td><td colspan=\"3\"><ul><li>National ID/9876543210\u00a0(use:\u00a0official,\u00a0)</li><li>Health ID/9876543210\u00a0(use:\u00a0official,\u00a0)</li><li>Custom Identifier/MD-54321\u00a0(use:\u00a0secondary,\u00a0)</li></ul></td></tr><tr><td style=\"background-color: #f3f5da\" title=\"Ways to contact the Patient\">Contact Detail</td><td colspan=\"3\"><ul><li><a href=\"tel:+9779801234567\">+9779801234567</a></li><li>Ward No. 12, Baneshwor Tole Kathmandu District Kathmandu Metropolitan City NP </li></ul></td></tr></table></div>"
  },
  "extension" : [{
    "url" : "https://hl7.hmis.gov.np/StructureDefinition/ethnic-code",
    "valueCoding" : {
      "system" : "https://hl7.hmis.gov.np/CodeSystem/ethnic-code",
      "code" : "2",
      "display" : "Janajati"
    }
  }],
  "identifier" : [{
    "use" : "official",
    "type" : {
      "coding" : [{
        "system" : "http://terminology.hl7.org/CodeSystem/v2-0203"
      }],
      "text" : "National ID"
    },
    "value" : "9876543210"
  },
  {
    "use" : "official",
    "type" : {
      "coding" : [{
        "system" : "http://terminology.hl7.org/CodeSystem/v2-0203"
      }],
      "text" : "Health ID"
    },
    "value" : "9876543210"
  },
  {
    "use" : "usual",
    "type" : {
      "text" : "Person System ID"
    },
    "value" : "SYS-005678"
  },
  {
    "use" : "secondary",
    "type" : {
      "text" : "Custom Identifier"
    },
    "value" : "MD-54321"
  }],
  "active" : true,
  "name" : [{
    "family" : "Thapa",
    "given" : ["Suman"]
  }],
  "telecom" : [{
    "system" : "phone",
    "value" : "+9779801234567",
    "use" : "mobile"
  }],
  "gender" : "male",
  "birthDate" : "2024-08-10",
  "address" : [{
    "line" : ["Ward No. 12, Baneshwor Tole",
    "Kathmandu District"],
    "city" : "Kathmandu Metropolitan City",
    "country" : "NP"
  }]
}